RecordNo,Label
1,PickUp
2,Payment
3,Payment
4,Flight
5,Hotel
6,Appointment
7,Hotel
8,Train
9,Movie
10,Reservation
11,Reservation
12,Cab
13,PickUp
14,Bus
15,Delivery
16,Hotel
17,Cab
18,Movie
19,Appointment
20,Flight
21,Expiry
22,Flight
23,Cab
24,Flight
25,Reservation
26,Expiry
27,Payment
28,PickUp
29,Bus
30,Flight
31,Hotel
32,Payment
33,Movie
34,Reservation
35,Movie
36,Cab
37,Hotel
38,Cab
39,Payment
40,Payment
41,Flight
42,Reservation
43,Expiry
44,Expiry
45,Expiry
46,Reservation
47,Payment
48,Expiry
49,Expiry
50,Delivery
51,Train
52,Delivery
53,Movie
54,Movie
55,Appointment
56,Bus
57,Movie
58,Payment
59,Train
60,Hotel
61,Appointment
62,Bus
63,Hotel
64,Delivery
65,Flight
66,Hotel
67,Hotel
68,Reservation
69,Cab
70,Appointment
71,Appointment
72,Cab
73,PickUp
74,Train
75,PickUp
76,Payment
77,Flight
78,PickUp
79,Movie
80,Cab
81,Delivery
82,Train
83,Cab
84,PickUp
85,Appointment
86,Reservation
87,Reservation
88,Movie
89,Train
90,Flight
91,Movie
92,Payment
93,Cab
94,Appointment
95,Flight
96,Movie
97,Cab
98,Train
99,Expiry
100,Flight
101,Hotel
102,Appointment
103,Payment
104,Payment
105,Cab
106,Flight
107,Bus
108,Bus
109,Flight
110,Payment
111,Cab
112,Payment
113,Hotel
114,Reservation
115,Flight
116,Movie
117,Cab
118,Cab
119,Train
120,Bus
121,Hotel
122,Flight
123,Bus
124,Delivery
125,Payment
126,Hotel
127,Appointment
128,Train
129,Cab
130,Movie
131,Appointment
132,Expiry
133,Payment
134,Reservation
135,Movie
136,PickUp
137,Train
138,Reservation
139,PickUp
140,Payment
141,Bus
142,Train
143,Payment
144,Train
145,Flight
146,PickUp
147,Appointment
148,Appointment
149,Payment
150,Flight
151,Appointment
152,Cab
153,Cab
154,Bus
155,Train
156,Delivery
157,Cab
158,Reservation
159,Bus
160,Expiry
161,Flight
162,Hotel
163,Hotel
164,Bus
165,Reservation
166,Flight
167,Reservation
168,Bus
169,Cab
170,Bus
171,Bus
172,Train
173,PickUp
174,Expiry
175,Bus
176,Movie
177,PickUp
178,Reservation
179,Payment
180,Delivery
181,Bus
182,Appointment
183,Appointment
184,PickUp
185,Cab
186,Delivery
187,Bus
188,Movie
189,Expiry
190,Cab
191,Flight
192,Movie
193,Appointment
194,Flight
195,Delivery
196,Delivery
197,Appointment
198,Movie
199,Movie
200,Expiry
201,Delivery
202,Expiry
203,Reservation
204,Appointment
205,Delivery
206,PickUp
207,Hotel
208,Hotel
209,Bus
210,Delivery
211,Bus
212,Bus
213,Cab
214,Bus
215,Appointment
216,Reservation
217,Train
218,Cab
219,Flight
220,PickUp
221,Appointment
222,Movie
223,Payment
224,Expiry
225,Appointment
226,Expiry
227,Movie
228,Flight
229,Delivery
230,PickUp
231,Flight
232,Train
233,PickUp
234,Expiry
235,Flight
236,Payment
237,Train
238,Train
239,Reservation
240,Bus
241,Delivery
242,Flight
243,Cab
244,Delivery
245,Train
246,PickUp
247,Movie
248,Appointment
249,Payment
250,Train
251,Train
252,Payment
253,Reservation
254,Payment
255,Movie
256,Payment
257,Appointment
258,Movie
259,Bus
260,Appointment
261,Bus
262,Hotel
263,Delivery
264,Reservation
265,Movie
266,Movie
267,Hotel
268,Expiry
269,Flight
270,Flight
271,Bus
272,Flight
273,Delivery
274,Reservation
275,Payment
276,PickUp
277,Train
278,Hotel
279,PickUp
280,Payment
281,Flight
282,Payment
283,Bus
284,Delivery
285,Cab
286,Bus
287,Movie
288,Expiry
289,PickUp
290,Cab
291,Reservation
292,Bus
293,PickUp
294,Cab
295,Reservation
296,Appointment
297,Train
298,Flight
299,Flight
300,Movie
301,Reservation
302,Reservation
303,Payment
304,Expiry
305,PickUp
306,Appointment
307,Reservation
308,PickUp
309,Appointment
310,Reservation
311,Payment
312,Flight
313,Flight
314,Hotel
315,Appointment
316,Bus
317,Train
318,Appointment
319,Expiry
320,Reservation
321,Hotel
322,Hotel
323,Bus
324,Delivery
325,Train
326,Bus
327,Cab
328,Bus
329,Cab
330,Train
331,Hotel
332,Appointment
333,PickUp
334,Bus
335,Flight
336,Appointment
337,Delivery
338,Payment
339,Cab
340,Expiry
341,Cab
342,Delivery
343,Bus
344,Appointment
345,Payment
346,Expiry
347,Delivery
348,Train
349,Expiry
350,Train
351,Payment
352,Delivery
353,Appointment
354,Expiry
355,Bus
356,Bus
357,Cab
358,Cab
359,Appointment
360,Bus
361,Movie
362,Bus
363,PickUp
364,PickUp
365,Appointment
366,Flight
367,Delivery
368,Hotel
369,Bus
370,Train
371,Flight
372,Flight
373,Flight
374,Movie
375,Hotel
376,Bus
377,Payment
378,Movie
379,Reservation
380,Appointment
381,Appointment
382,Delivery
383,Reservation
384,Delivery
385,Movie
386,Appointment
387,Train
388,Cab
389,Payment
390,Bus
391,Flight
392,Hotel
393,Cab
394,PickUp
395,Bus
396,PickUp
397,Bus
398,Delivery
399,Train
400,Flight
401,Expiry
402,Hotel
403,Movie
404,Reservation
405,Expiry
406,PickUp
407,Delivery
408,Cab
409,Hotel
410,Appointment
411,Payment
412,Delivery
413,Flight
414,Train
415,Movie
416,Delivery
417,Hotel
418,Reservation
419,Hotel
420,Flight
421,Movie
422,Hotel
423,Flight
424,Payment
425,Hotel
426,PickUp
427,Appointment
428,Train
429,Bus
430,Cab
431,Appointment
432,PickUp
433,Hotel
434,Appointment
435,Train
436,Payment
437,Reservation
438,PickUp
439,Movie
440,Delivery
441,Delivery
442,Reservation
443,Train
444,Hotel
445,Bus
446,Reservation
447,Appointment
448,Delivery
449,Cab
450,Cab
451,Bus
452,Expiry
453,Payment
454,PickUp
455,Appointment
456,Payment
457,Delivery
458,Expiry
459,Bus
460,Expiry
461,Cab
462,PickUp
463,PickUp
464,Expiry
465,Payment
466,Reservation
467,Expiry
468,Appointment
469,Train
470,Expiry
471,Payment
472,PickUp
473,PickUp
474,Reservation
475,Bus
476,Hotel
477,Hotel
478,Appointment
479,Delivery
480,Bus
481,Appointment
482,Flight
483,Payment
484,Bus
485,Bus
486,Flight
487,Bus
488,Cab
489,Payment
490,PickUp
491,Delivery
492,Cab
493,PickUp
494,Payment
495,Flight
496,PickUp
497,Movie
498,Hotel
499,Bus
500,PickUp
501,Payment
502,Reservation
503,Appointment
504,Bus
505,Delivery
506,Cab
507,Train
508,Expiry
509,Train
510,Expiry
511,Expiry
512,Movie
513,Movie
514,Flight
515,Reservation
516,Flight
517,Train
518,Flight
519,Movie
520,Train
521,Delivery
522,Hotel
523,Appointment
524,Train
525,PickUp
526,Reservation
527,Payment
528,Reservation
529,Payment
530,Reservation
531,Flight
532,Movie
533,Movie
534,PickUp
535,Delivery
536,Flight
537,Flight
538,Delivery
539,Hotel
540,Delivery
541,Reservation
542,Movie
543,Train
544,Bus
545,Expiry
546,Train
547,Flight
548,Hotel
549,Payment
550,Hotel
551,Bus
552,Delivery
553,Train
554,Bus
555,Movie
556,Payment
557,Cab
558,Appointment
559,Train
560,Hotel
561,Appointment
562,Expiry
563,Flight
564,Cab
565,Expiry
566,Bus
567,Movie
568,Payment
569,Cab
570,Bus
571,Expiry
572,Expiry
573,Payment
574,Movie
575,Delivery
576,Payment
577,Appointment
578,Hotel
579,Delivery
580,Reservation
581,Movie
582,Movie
583,Flight
584,Train
585,Reservation
586,Delivery
587,Flight
588,Expiry
589,Movie
590,Reservation
591,PickUp
592,Bus
593,Expiry
594,Bus
595,Hotel
596,Appointment
597,Train
598,Reservation
599,Bus
600,Payment
601,Train
602,Bus
603,Cab
604,Cab
605,Train
606,Expiry
607,Bus
608,Payment
609,Appointment
610,Hotel
611,Cab
612,PickUp
613,PickUp
614,Expiry
615,Reservation
616,Payment
617,Train
618,Payment
619,Bus
620,Hotel
621,Train
622,Movie
623,Bus
624,Movie
625,Reservation
626,Movie
627,Reservation
628,Flight
629,PickUp
630,PickUp
631,Cab
632,Flight
633,Reservation
634,Movie
635,Cab
636,Movie
637,Cab
638,Cab
639,Movie
640,Reservation
641,Train
642,Appointment
643,Delivery
644,Hotel
645,Reservation
646,Movie
647,PickUp
648,PickUp
649,Payment
650,Payment
651,Bus
652,Bus
653,Appointment
654,Appointment
655,Movie
656,Cab
657,Flight
658,Cab
659,Delivery
660,Hotel
661,Reservation
662,Flight
663,Train
664,Hotel
665,Movie
666,Flight
667,Train
668,Expiry
669,Payment
670,Appointment
671,Payment
672,Delivery
673,Appointment
674,Expiry
675,Expiry
676,Train
677,PickUp
678,Hotel
679,Reservation
680,Hotel
681,Flight
682,Train
683,Appointment
684,Reservation
685,Appointment
686,Delivery
687,Reservation
688,Hotel
689,Reservation
690,Appointment
691,PickUp
692,Hotel
693,Bus
694,Movie
695,Flight
696,PickUp
697,Cab
698,Movie
699,Delivery
700,Appointment
701,Appointment
702,Delivery
703,Payment
704,Train
705,Cab
706,Flight
707,Movie
708,Hotel
709,Expiry
710,Flight
711,Bus
712,Train
713,Reservation
714,Movie
715,PickUp
716,Expiry
717,Cab
718,Movie
719,Appointment
720,Delivery
721,Cab
722,Expiry
723,Hotel
724,Hotel
725,Movie
726,Hotel
727,Train
728,Movie
729,Movie
730,Flight
731,PickUp
732,Cab
733,Expiry
734,Appointment
735,Flight
736,Payment
737,Reservation
738,Payment
739,Appointment
740,Expiry
741,Reservation
742,Payment
743,Flight
744,Delivery
745,Cab
746,Expiry
747,Bus
748,Hotel
749,Movie
750,Cab
751,Flight
752,Cab
753,Reservation
754,Bus
755,Flight
756,Delivery
757,Train
758,Cab
759,Bus
760,Payment
761,Appointment
762,Hotel
763,Expiry
764,Flight
765,Train
766,Movie
767,Delivery
768,Bus
769,Cab
770,PickUp
771,Appointment
772,PickUp
773,Flight
774,Hotel
775,Expiry
776,Payment
777,Expiry
778,Payment
779,Reservation
780,Expiry
781,Flight
782,Hotel
783,Train
784,Bus
785,Movie
786,Train
787,Payment
788,Cab
789,PickUp
790,Payment
791,Movie
792,Train
793,PickUp
794,Movie
795,Cab
796,Appointment
797,Delivery
798,Appointment
799,Train
800,Flight
801,Train
802,Movie
803,Bus
804,Cab
805,Reservation
806,Train
807,Cab
808,Reservation
809,Flight
810,Flight
811,Cab
812,Bus
813,Appointment
814,Delivery
815,Expiry
816,Cab
817,Payment
818,Reservation
819,Movie
820,Train
821,Hotel
822,Cab
823,Bus
824,Cab
825,Bus
826,Movie
827,Train
828,Expiry
829,Flight
830,Appointment
831,Bus
832,Cab
833,Flight
834,Delivery
835,Appointment
836,PickUp
837,Appointment
838,Flight
839,Appointment
840,Cab
841,Delivery
842,Payment
843,Appointment
844,Cab
845,Payment
846,Hotel
847,Train
848,Payment
849,PickUp
850,Payment
851,Delivery
852,Delivery
853,Appointment
854,Appointment
855,Movie
856,PickUp
857,Flight
858,PickUp
859,Bus
860,Reservation
861,Expiry
862,Train
863,Payment
864,Reservation
865,Cab
866,Cab
867,Expiry
868,Appointment
869,Reservation
870,Appointment
871,Flight
872,Cab
873,Delivery
874,Bus
875,Bus
876,Hotel
877,Hotel
878,Expiry
879,PickUp
880,Hotel
881,Hotel
882,Train
883,PickUp
884,Cab
885,Expiry
886,Payment
887,Reservation
888,Bus
889,Delivery
890,PickUp
891,Flight
892,Cab
893,Train
894,Train
895,Flight
896,Cab
897,Reservation
898,Reservation
899,Bus
900,Payment
901,Delivery
902,Hotel
903,Appointment
904,Reservation
905,Payment
906,Movie
907,Train
908,Movie
909,Reservation
910,Expiry
911,Expiry
912,Expiry
913,Bus
914,Reservation
915,PickUp
916,Hotel
917,Payment
918,PickUp
919,Cab
920,Flight
921,Cab
922,Payment
923,Bus
924,Reservation
925,Movie
926,Reservation
927,Expiry
928,Hotel
929,Movie
930,Hotel
931,Bus
932,Expiry
933,Flight
934,Flight
935,PickUp
936,Train
937,Bus
938,Payment
939,PickUp
940,Expiry
941,Appointment
942,PickUp
943,Expiry
944,Train
945,Reservation
946,Train
947,Hotel
948,Delivery
949,Expiry
950,PickUp
951,Payment
952,Movie
953,PickUp
954,Expiry
955,Reservation
956,Movie
957,Train
958,Reservation
959,Hotel
960,Delivery
961,Flight
962,Appointment
963,Flight
964,Cab
965,Movie
966,PickUp
967,Bus
968,Appointment
969,Movie
970,Reservation
971,Delivery
972,Payment
973,PickUp
974,Hotel
975,Delivery
976,Flight
977,Payment
978,Expiry
979,Flight
980,Train
981,Hotel
982,Hotel
983,Hotel
984,Train
985,Delivery
986,Payment
987,Flight
988,Payment
989,Appointment
990,Payment
991,Reservation
992,Bus
993,Bus
994,Movie
995,Appointment
996,Reservation
997,Expiry
998,Appointment
999,Reservation
1000,Expiry
1001,Train
1002,Movie
1003,Delivery
1004,Appointment
1005,Reservation
1006,Flight
1007,Hotel
1008,Appointment
1009,Appointment
1010,Hotel
1011,Expiry
1012,Flight
1013,Delivery
1014,Bus
1015,Payment
1016,Payment
1017,Appointment
1018,Bus
1019,Reservation
1020,Reservation
1021,Expiry
1022,Appointment
1023,Delivery
1024,Delivery
1025,Hotel
1026,Flight
1027,Train
1028,Payment
1029,Appointment
1030,Cab
1031,Payment
1032,Cab
1033,Movie
1034,Delivery
1035,Expiry
1036,Expiry
1037,Bus
1038,Movie
1039,Cab
1040,Cab
1041,Payment
1042,Hotel
1043,Reservation
1044,Cab
1045,Expiry
1046,Movie
1047,PickUp
1048,Bus
1049,Flight
1050,Bus
1051,Payment
1052,Flight
1053,PickUp
1054,Reservation
1055,Train
1056,Flight
1057,Expiry
1058,Appointment
1059,Reservation
1060,Bus
1061,Bus
1062,Expiry
1063,Appointment
1064,Delivery
1065,Delivery
1066,Movie
1067,Cab
1068,Reservation
1069,Delivery
1070,Expiry
1071,Train
1072,Expiry
1073,Reservation
1074,Delivery
1075,Expiry
1076,Appointment
1077,Train
1078,Flight
1079,Delivery
1080,Delivery
1081,Hotel
1082,Delivery
1083,Hotel
1084,Payment
1085,Bus
1086,Delivery
1087,Train
1088,Cab
1089,Hotel
1090,Appointment
1091,Cab
1092,Bus
1093,Cab
1094,Payment
1095,Hotel
1096,Delivery
1097,Hotel
1098,Delivery
1099,Movie
1100,Bus
1101,Delivery
1102,PickUp
1103,Hotel
1104,Train
1105,PickUp
1106,Hotel
1107,Reservation
1108,Reservation
1109,Cab
1110,Flight
1111,Movie
1112,Bus
1113,Hotel
1114,Appointment
1115,Delivery
1116,Appointment
1117,Reservation
1118,Bus
1119,Movie
1120,Delivery
1121,Expiry
1122,Train
1123,Cab
1124,PickUp
1125,Cab
1126,Appointment
1127,Payment
1128,Reservation
1129,Cab
1130,Appointment
1131,Bus
1132,Cab
1133,Appointment
1134,Expiry
1135,Train
1136,PickUp
1137,Delivery
1138,Appointment
1139,Payment
1140,PickUp
1141,Train
1142,Train
1143,Train
1144,Reservation
1145,Delivery
1146,Reservation
1147,Appointment
1148,Reservation
1149,Cab
1150,Cab
1151,Reservation
1152,PickUp
1153,Movie
1154,Payment
1155,Appointment
1156,Hotel
1157,Expiry
1158,Cab
1159,Train
1160,Reservation
1161,PickUp
1162,Appointment
1163,Bus
1164,Hotel
1165,Reservation
1166,Reservation
1167,Reservation
1168,Appointment
1169,Hotel
1170,Hotel
1171,Expiry
1172,Train
1173,Reservation
1174,Delivery
1175,Reservation
1176,Appointment
1177,Cab
1178,Cab
1179,Flight
1180,Hotel
1181,Reservation
1182,Delivery
1183,Expiry
1184,Flight
1185,Appointment
1186,Train
1187,Bus
1188,PickUp
1189,Bus
1190,Bus
1191,Hotel
1192,PickUp
1193,Payment
1194,Reservation
1195,PickUp
1196,Cab
1197,PickUp
1198,Delivery
1199,PickUp
1200,Bus
1201,Hotel
1202,Appointment
1203,Movie
1204,Reservation
1205,Delivery
1206,Train
1207,Flight
1208,Bus
1209,Movie
1210,Reservation
1211,Appointment
1212,Cab
1213,Bus
1214,Payment
1215,Train
1216,Delivery
1217,Train
1218,PickUp
1219,PickUp
1220,Movie
1221,PickUp
1222,Train
1223,Cab
1224,Bus
1225,Appointment
1226,Hotel
1227,Appointment
1228,Appointment
1229,Cab
1230,Hotel
1231,Expiry
1232,Train
1233,PickUp
1234,Movie
1235,Train
1236,Movie
1237,Movie
1238,Flight
1239,Hotel
1240,Bus
1241,Movie
1242,Reservation
1243,Reservation
1244,Expiry
1245,Reservation
1246,Flight
1247,Hotel
1248,Expiry
1249,Delivery
1250,Flight
1251,Bus
1252,Hotel
1253,Cab
1254,Hotel
1255,Reservation
1256,Flight
1257,Reservation
1258,Reservation
1259,Appointment
1260,Bus
1261,Reservation
1262,Reservation
1263,Reservation
1264,Movie
1265,Reservation
1266,PickUp
1267,Bus
1268,Appointment
1269,Bus
1270,PickUp
1271,Payment
1272,Hotel
1273,PickUp
1274,Cab
1275,Cab
1276,Hotel
1277,Appointment
1278,Reservation
1279,Expiry
1280,Flight
1281,Movie
1282,Reservation
1283,Delivery
1284,Payment
1285,PickUp
1286,Appointment
1287,Train
1288,Payment
1289,Hotel
1290,Payment
1291,Reservation
1292,Hotel
1293,Hotel
1294,Hotel
1295,Delivery
1296,Bus
1297,Hotel
1298,Flight
1299,Appointment
1300,Cab
1301,Cab
1302,Expiry
1303,Flight
1304,Hotel
1305,Bus
1306,Flight
1307,Train
1308,Train
1309,Train
1310,Reservation
1311,Delivery
1312,Reservation
1313,Flight
1314,Movie
1315,Delivery
1316,Train
1317,Delivery
1318,Reservation
1319,Payment
1320,Delivery
1321,Hotel
1322,Reservation
1323,Movie
1324,Bus
1325,Cab
1326,Bus
1327,Cab
1328,Flight
1329,Movie
1330,Delivery
1331,PickUp
1332,Reservation
1333,Train
1334,Expiry
1335,Movie
1336,Expiry
1337,Expiry
1338,Delivery
1339,PickUp
1340,Appointment
1341,Appointment
1342,Cab
1343,Hotel
1344,Movie
1345,Bus
1346,Appointment
1347,PickUp
1348,Reservation
1349,PickUp
1350,Delivery
1351,Appointment
1352,Delivery
1353,Train
1354,Delivery
1355,Flight
1356,Train
1357,Cab
1358,Flight
1359,Reservation
1360,Reservation
1361,PickUp
1362,Cab
1363,Expiry
1364,Expiry
1365,Expiry
1366,Delivery
1367,Hotel
1368,Flight
1369,Train
1370,Reservation
1371,Cab
1372,Flight
1373,Flight
1374,Expiry
1375,Expiry
1376,Reservation
1377,Flight
1378,Flight
1379,Cab
1380,Hotel
1381,Cab
1382,Reservation
1383,Movie
1384,Expiry
1385,Payment
1386,Expiry
1387,Delivery
1388,Hotel
1389,Appointment
1390,Expiry
1391,Expiry
1392,Delivery
1393,Train
1394,Flight
1395,Flight
1396,Expiry
1397,Hotel
1398,Payment
1399,Bus
1400,Movie
1401,Expiry
1402,Train
1403,Flight
1404,Expiry
1405,Delivery
1406,Movie
1407,Hotel
1408,Cab
1409,Flight
1410,Appointment
1411,Flight
1412,Delivery
1413,Cab
1414,Expiry
1415,Payment
1416,Reservation
1417,Appointment
1418,Flight
1419,PickUp
1420,Expiry
1421,Appointment
1422,Expiry
1423,Flight
1424,Appointment
1425,Flight
1426,Hotel
1427,PickUp
1428,Hotel
1429,Hotel
1430,Appointment
1431,Train
1432,Hotel
1433,Flight
1434,PickUp
1435,Delivery
1436,Train
1437,Delivery
1438,Flight
1439,PickUp
1440,Appointment
1441,Movie
1442,Train
1443,Payment
1444,Appointment
1445,Movie
1446,Delivery
1447,Cab
1448,PickUp
1449,Payment
1450,Payment
1451,Flight
1452,Delivery
1453,Flight
1454,Flight
1455,Train
1456,Appointment
1457,Flight
1458,Delivery
1459,Train
1460,Payment
1461,Train
1462,Reservation
1463,Expiry
1464,Hotel
1465,Reservation
1466,Hotel
1467,Reservation
1468,Bus
1469,Bus
1470,Payment
1471,PickUp
1472,Appointment
1473,Movie
1474,Hotel
1475,PickUp
1476,Reservation
1477,PickUp
1478,Train
1479,Appointment
1480,Payment
1481,Train
1482,Expiry
1483,Movie
1484,Cab
1485,PickUp
1486,Movie
1487,Hotel
1488,Expiry
1489,Bus
1490,Appointment
1491,PickUp
1492,PickUp
1493,Delivery
1494,Payment
1495,PickUp
1496,Bus
1497,Appointment
1498,PickUp
1499,Flight
1500,Flight
1501,Expiry
1502,Payment
1503,Movie
1504,Delivery
1505,Train
1506,Movie
1507,PickUp
1508,Delivery
1509,Bus
1510,Expiry
1511,Hotel
1512,Delivery
1513,Payment
1514,Train
1515,Payment
1516,Flight
1517,Flight
1518,Cab
1519,Movie
1520,Cab
1521,Train
1522,PickUp
1523,Payment
1524,Delivery
1525,Delivery
1526,Appointment
1527,Delivery
1528,Bus
1529,Expiry
1530,Train
1531,PickUp
1532,Hotel
1533,Reservation
1534,Payment
1535,PickUp
1536,Movie
1537,Delivery
1538,Flight
1539,Delivery
1540,Train
1541,Appointment
1542,PickUp
1543,Reservation
1544,Hotel
1545,Flight
1546,Hotel
1547,Flight
1548,Appointment
1549,Reservation
1550,Hotel
1551,Flight
1552,PickUp
1553,Bus
1554,Appointment
1555,Appointment
1556,Reservation
1557,Reservation
1558,Train
1559,Expiry
1560,Flight
1561,Delivery
1562,Flight
1563,Cab
1564,Payment
1565,Flight
1566,Movie
1567,Cab
1568,Appointment
1569,Hotel
1570,Payment
1571,Train
1572,Appointment
1573,Expiry
1574,Movie
1575,Cab
1576,Cab
1577,Payment
1578,Cab
1579,Appointment
1580,Train
1581,Train
1582,Appointment
1583,Reservation
1584,Expiry
1585,Reservation
1586,Appointment
1587,Appointment
1588,Cab
1589,Cab
1590,Train
1591,Payment
1592,Payment
1593,Movie
1594,Bus
1595,Appointment
1596,Delivery
1597,Movie
1598,Bus
1599,Bus
1600,Hotel
1601,Expiry
1602,Appointment
1603,Bus
1604,Cab
1605,Appointment
1606,Cab
1607,PickUp
1608,PickUp
1609,Appointment
1610,Train
1611,PickUp
1612,Train
1613,Movie
1614,PickUp
1615,Train
1616,Flight
1617,Appointment
1618,Movie
1619,PickUp
1620,Delivery
1621,Bus
1622,Bus
1623,Expiry
1624,Train
1625,Cab
1626,Flight
1627,Expiry
1628,Train
1629,Hotel
1630,Delivery
1631,Delivery
1632,Appointment
1633,Bus
1634,Cab
1635,Bus
1636,Train
1637,Appointment
1638,Delivery
1639,Appointment
1640,Cab
1641,Train
1642,PickUp
1643,Payment
1644,Cab
1645,Movie
1646,Hotel
1647,Bus
1648,Train
1649,Train
1650,Flight
1651,Reservation
1652,Delivery
1653,Flight
1654,Movie
1655,Expiry
1656,Train
1657,Train
1658,Reservation
1659,Payment
1660,Delivery
1661,Cab
1662,Movie
1663,Bus
1664,Cab
1665,Payment
1666,Payment
1667,Train
1668,Delivery
1669,Bus
1670,Movie
1671,Reservation
1672,PickUp
1673,Flight
1674,Appointment
1675,Appointment
1676,Cab
1677,Delivery
1678,Bus
1679,Payment
1680,Reservation
1681,Train
1682,Delivery
1683,Appointment
1684,Delivery
1685,Train
1686,Delivery
1687,Bus
1688,Payment
1689,Bus
1690,Hotel
1691,Reservation
1692,Bus
1693,Cab
1694,Reservation
1695,Delivery
1696,Movie
1697,Hotel
1698,Expiry
1699,Payment
1700,Cab
1701,Appointment
1702,Cab
1703,Movie
1704,Payment
1705,Hotel
1706,PickUp
1707,Appointment
1708,Hotel
1709,Bus
1710,Train
1711,Appointment
1712,Appointment
1713,Bus
1714,Flight
1715,Cab
1716,Hotel
1717,Delivery
1718,Bus
1719,PickUp
1720,Reservation
1721,Expiry
1722,Bus
1723,Bus
1724,Hotel
1725,Cab
1726,PickUp
1727,Payment
1728,Movie
1729,Movie
1730,Flight
1731,Delivery
1732,Train
1733,Bus
1734,Flight
1735,Payment
1736,Appointment
1737,Payment
1738,Train
1739,Expiry
1740,Cab
1741,Expiry
1742,Movie
1743,Bus
1744,Expiry
1745,Movie
1746,Expiry
1747,Expiry
1748,Hotel
1749,Cab
1750,Hotel
1751,Movie
1752,Expiry
1753,Movie
1754,Hotel
1755,Payment
1756,Movie
1757,Hotel
1758,Appointment
1759,Hotel
1760,Hotel
1761,Train
1762,Expiry
1763,Flight
1764,Flight
1765,Expiry
1766,Bus
1767,Expiry
1768,Cab
1769,Bus
1770,PickUp
1771,Reservation
1772,Train
1773,Cab
1774,Movie
1775,Expiry
1776,Delivery
1777,Train
1778,PickUp
1779,Bus
1780,Expiry
1781,PickUp
1782,Appointment
1783,Expiry
1784,Expiry
1785,Expiry
1786,Train
1787,Payment
1788,Flight
1789,PickUp
1790,Delivery
1791,Cab
1792,Movie
1793,Reservation
1794,Cab
1795,Hotel
1796,Delivery
1797,PickUp
1798,Expiry
1799,PickUp
1800,Train
1801,Movie
1802,Hotel
1803,Movie
1804,Train
1805,Payment
1806,Cab
1807,Bus
1808,Cab
1809,PickUp
1810,Appointment
1811,Train
1812,Train
1813,Movie
1814,Payment
1815,Delivery
1816,Hotel
1817,Cab
1818,PickUp
1819,Cab
1820,Train
1821,Expiry
1822,Reservation
1823,Expiry
1824,Reservation
1825,Movie
1826,Bus
1827,Train
1828,Train
1829,Cab
1830,Payment
1831,Bus
1832,PickUp
1833,Expiry
1834,Bus
1835,Flight
1836,Cab
1837,Flight
1838,Expiry
1839,Flight
1840,Train
1841,Cab
1842,Payment
1843,Expiry
1844,Train
1845,Movie
1846,Movie
1847,Payment
1848,Delivery
1849,Reservation
1850,Delivery
1851,Movie
1852,Movie
1853,Payment
1854,Delivery
1855,Flight
1856,Delivery
1857,Train
1858,Reservation
1859,Flight
1860,Cab
1861,Appointment
1862,Cab
1863,Cab
1864,Hotel
1865,Bus
1866,Train
1867,Delivery
1868,Payment
1869,Payment
1870,Movie
1871,Reservation
1872,Cab
1873,Expiry
1874,Bus
1875,Reservation
1876,Cab
1877,Movie
1878,Bus
1879,Bus
1880,PickUp
1881,Expiry
1882,Expiry
1883,Movie
1884,Delivery
1885,Payment
1886,Bus
1887,Movie
1888,Payment
1889,Train
1890,Appointment
1891,Payment
1892,Delivery
1893,Movie
1894,PickUp
1895,Train
1896,Payment
1897,Bus
1898,PickUp
1899,Hotel
1900,Hotel
1901,Reservation
1902,Movie
1903,PickUp
1904,Hotel
1905,Expiry
1906,Reservation
1907,Movie
1908,Hotel
1909,Train
1910,Delivery
1911,Payment
1912,Expiry
1913,Delivery
1914,Flight
1915,PickUp
1916,PickUp
1917,Appointment
1918,Appointment
1919,Appointment
1920,Payment
1921,Appointment
1922,Expiry
1923,Movie
1924,Flight
1925,Expiry
1926,Payment
1927,Delivery
1928,Payment
1929,Train
1930,Cab
1931,Reservation
1932,Flight
1933,Train
1934,Cab
1935,Appointment
1936,Delivery
1937,Hotel
1938,Train
1939,Reservation
1940,Train
1941,Bus
1942,Expiry
1943,Bus
1944,Flight
1945,Movie
1946,Train
1947,Flight
1948,Hotel
1949,Reservation
1950,Cab
1951,Movie
1952,Movie
1953,Reservation
1954,Reservation
1955,Payment
1956,Reservation
1957,Hotel
1958,Delivery
1959,Train
1960,Hotel
1961,Movie
1962,Appointment
1963,Flight
1964,Reservation
1965,Hotel
1966,Delivery
1967,Bus
1968,Train
1969,Train
1970,Flight
1971,Movie
1972,Expiry
1973,Payment
1974,Train
1975,Delivery
1976,Reservation
1977,Appointment
1978,Expiry
1979,Appointment
1980,Movie
1981,Reservation
1982,Flight
1983,Appointment
1984,Appointment
1985,Flight
1986,Hotel
1987,Appointment
1988,Delivery
1989,Hotel
1990,Reservation
1991,Delivery
1992,Hotel
1993,Payment
1994,Cab
1995,Bus
1996,Payment
1997,PickUp
1998,Flight
1999,Delivery
2000,Cab
2001,Bus
2002,Train
2003,Bus
2004,PickUp
2005,Reservation
2006,Flight
2007,Bus
2008,Reservation
2009,Appointment
2010,Hotel
2011,Hotel
2012,Reservation
2013,Movie
2014,Hotel
2015,Cab
2016,Delivery
2017,Expiry
2018,Reservation
2019,PickUp
2020,PickUp
2021,Expiry
2022,Hotel
2023,Payment
2024,Reservation
2025,Train
2026,Train
2027,Expiry
2028,Payment
2029,Reservation
2030,Reservation
2031,PickUp
2032,Train
2033,Movie
2034,Movie
2035,Delivery
2036,Expiry
2037,Reservation
2038,Train
2039,Flight
2040,Movie
2041,Expiry
2042,Bus
2043,Appointment
2044,Bus
2045,Hotel
2046,Movie
2047,Delivery
2048,Bus
2049,Movie
2050,PickUp
2051,Movie
2052,Train
2053,Reservation
2054,Expiry
2055,Bus
2056,Movie
2057,PickUp
2058,Appointment
2059,PickUp
2060,Delivery
2061,Delivery
2062,PickUp
2063,Delivery
2064,Delivery
2065,Delivery
2066,Expiry
2067,Train
2068,Bus
2069,Payment
2070,Reservation
2071,Hotel
2072,Hotel
2073,Appointment
2074,Cab
2075,Expiry
2076,Expiry
2077,Reservation
2078,Cab
2079,Train
2080,Movie
2081,Flight
2082,PickUp
2083,Payment
2084,Train
2085,Cab
2086,Payment
2087,PickUp
2088,Cab
2089,Flight
2090,Appointment
2091,Cab
2092,Movie
2093,PickUp
2094,Hotel
2095,Payment
2096,Flight
2097,Train
2098,Payment
2099,Flight
2100,Flight
2101,Movie
2102,Hotel
2103,Appointment
2104,Flight
2105,Movie
2106,Bus
2107,Appointment
2108,Reservation
2109,Appointment
2110,Appointment
2111,PickUp
2112,Cab
2113,Expiry
2114,Flight
2115,Payment
2116,Flight
2117,Cab
2118,Bus
2119,Train
2120,Movie
2121,Expiry
2122,Cab
2123,Hotel
2124,Flight
2125,Hotel
2126,Movie
2127,Expiry
2128,Cab
2129,Train
2130,Cab
2131,Delivery
2132,Appointment
2133,Payment
2134,Appointment
2135,Delivery
2136,Hotel
2137,Hotel
2138,Cab
2139,Cab
2140,Reservation
2141,Cab
2142,Delivery
2143,Bus
2144,Payment
2145,Hotel
2146,PickUp
2147,Expiry
2148,Appointment
2149,Train
2150,Bus
2151,Reservation
2152,Flight
2153,Appointment
2154,Payment
2155,Bus
2156,Bus
2157,Expiry
2158,Appointment
2159,Reservation
2160,Payment
2161,Hotel
2162,Flight
2163,Expiry
2164,Bus
2165,PickUp
2166,Appointment
2167,Payment
2168,Movie
2169,Bus
2170,Train
2171,Hotel
2172,Bus
2173,Hotel
2174,Expiry
2175,Appointment
2176,Payment
2177,Cab
2178,Train
2179,Cab
2180,Delivery
2181,Hotel
2182,Delivery
2183,Flight
2184,Train
2185,Delivery
2186,Hotel
2187,Appointment
2188,Train
2189,Delivery
2190,Cab
2191,Payment
2192,Train
2193,Train
2194,PickUp
2195,Delivery
2196,PickUp
2197,Payment
2198,Payment
2199,Appointment
2200,Reservation
2201,PickUp
2202,Expiry
2203,Reservation
2204,PickUp
2205,PickUp
2206,Reservation
2207,Hotel
2208,Cab
2209,Flight
2210,Appointment
2211,Delivery
2212,Cab
2213,Delivery
2214,Delivery
2215,Hotel
2216,Delivery
2217,Flight
2218,Flight
2219,Cab
2220,Movie
2221,Train
2222,Delivery
2223,Delivery
2224,Train
2225,Movie
2226,Expiry
2227,Bus
2228,Cab
2229,Expiry
2230,Bus
2231,Reservation
2232,Delivery
2233,Flight
2234,Cab
2235,PickUp
2236,Reservation
2237,PickUp
2238,Payment
2239,Payment
2240,Flight
2241,PickUp
2242,Hotel
2243,Hotel
2244,Hotel
2245,PickUp
2246,Payment
2247,Movie
2248,Train
2249,Hotel
2250,Train
2251,Flight
2252,Train
2253,Flight
2254,Expiry
2255,Train
2256,Expiry
2257,Payment
2258,Cab
2259,Reservation
2260,Bus
2261,Payment
2262,Delivery
2263,Cab
2264,Bus
2265,PickUp
2266,Bus
2267,PickUp
2268,Appointment
2269,Appointment
2270,Reservation
2271,Cab
2272,PickUp
2273,Payment
2274,Hotel
2275,Train
2276,PickUp
2277,Movie
2278,Delivery
2279,Reservation
2280,Movie
2281,Expiry
2282,Hotel
2283,PickUp
2284,Movie
2285,Flight
2286,Movie
2287,PickUp
2288,Bus
2289,Cab
2290,Appointment
2291,Hotel
2292,Expiry
2293,Movie
2294,Hotel
2295,Reservation
2296,Flight
2297,Appointment
2298,Cab
2299,Expiry
2300,Hotel
2301,Delivery
2302,PickUp
2303,Delivery
2304,Payment
2305,Movie
2306,Cab
2307,Delivery
2308,Delivery
2309,Cab
2310,Train
2311,Payment
2312,Appointment
2313,Bus
2314,Movie
2315,PickUp
2316,Expiry
2317,PickUp
2318,Expiry
2319,PickUp
2320,Hotel
2321,PickUp
2322,Flight
2323,Train
2324,Flight
2325,Delivery
2326,Hotel
2327,Reservation
2328,Expiry
2329,Bus
2330,Expiry
2331,Bus
2332,Movie
2333,Delivery
2334,Delivery
2335,Expiry
2336,Cab
2337,Appointment
2338,Bus
2339,Cab
2340,Expiry
2341,Flight
2342,Cab
2343,Movie
2344,Hotel
2345,Expiry
2346,Appointment
2347,Hotel
2348,Cab
2349,Expiry
2350,Payment
2351,Bus
2352,Hotel
2353,Delivery
2354,Delivery
2355,Flight
2356,Delivery
2357,Payment
2358,Bus
2359,Payment
2360,Movie
2361,Movie
2362,Reservation
2363,Bus
2364,Bus
2365,Payment
2366,Expiry
2367,Flight
2368,Delivery
2369,Movie
2370,Appointment
2371,Appointment
2372,Cab
2373,Expiry
2374,Reservation
2375,Hotel
2376,Cab
2377,Appointment
2378,Train
2379,PickUp
2380,Payment
2381,Expiry
2382,Reservation
2383,Flight
2384,PickUp
2385,Reservation
2386,Hotel
2387,Expiry
2388,Movie
2389,Expiry
2390,Appointment
2391,PickUp
2392,Reservation
2393,Delivery
2394,Delivery
2395,Delivery
2396,Payment
2397,Hotel
2398,Appointment
2399,Cab
2400,Payment
2401,Movie
2402,Train
2403,Reservation
2404,Reservation
2405,PickUp
2406,Delivery
2407,Expiry
2408,Bus
2409,Hotel
2410,Hotel
2411,Delivery
2412,Hotel
2413,Movie
2414,PickUp
2415,Delivery
2416,PickUp
2417,Delivery
2418,Reservation
2419,Payment
2420,Train
2421,Hotel
2422,PickUp
2423,Movie
2424,Expiry
2425,Hotel
2426,PickUp
2427,PickUp
2428,Flight
2429,Train
2430,Movie
2431,PickUp
2432,Reservation
2433,Hotel
2434,Reservation
2435,Payment
2436,Bus
2437,Movie
2438,Cab
2439,Train
2440,Delivery
2441,Appointment
2442,Expiry
2443,Movie
2444,Hotel
2445,Cab
2446,Expiry
2447,Reservation
2448,Train
2449,Train
2450,Appointment
2451,PickUp
2452,Appointment
2453,Movie
2454,Bus
2455,Hotel
2456,Appointment
2457,Payment
2458,Flight
2459,PickUp
2460,Expiry
2461,Train
2462,Payment
2463,Expiry
2464,Flight
2465,Appointment
2466,Reservation
2467,Flight
2468,Hotel
2469,PickUp
2470,Hotel
2471,Bus
2472,Flight
2473,Reservation
2474,Hotel
2475,Delivery
2476,Movie
2477,Movie
2478,Flight
2479,Hotel
2480,Reservation
2481,Flight
2482,Flight
2483,Appointment
2484,Delivery
2485,Expiry
2486,Flight
2487,Hotel
2488,Hotel
2489,Reservation
2490,Train
2491,Hotel
2492,Bus
2493,Train
2494,Hotel
2495,Appointment
2496,Bus
2497,Expiry
2498,Expiry
2499,Movie
2500,Cab
2501,Appointment
2502,Flight
2503,Bus
2504,Hotel
2505,Cab
2506,Expiry
2507,Movie
2508,Expiry
2509,Expiry
2510,Flight
2511,Cab
2512,PickUp
2513,Movie
2514,PickUp
2515,Movie
2516,Reservation
2517,Payment
2518,Appointment
2519,Train
2520,Hotel
2521,Payment
2522,Cab
2523,PickUp
2524,Bus
2525,Flight
2526,Appointment
2527,Payment
2528,Flight
2529,PickUp
2530,PickUp
2531,Bus
2532,Movie
2533,Expiry
2534,Train
2535,Cab
2536,Delivery
2537,Delivery
2538,Hotel
2539,Cab
2540,Bus
2541,Reservation
2542,Train
2543,Train
2544,Train
2545,Train
2546,Expiry
2547,Expiry
2548,Expiry
2549,Bus
2550,PickUp
2551,Hotel
2552,Delivery
2553,Expiry
2554,Payment
2555,Movie
2556,Flight
2557,Reservation
2558,PickUp
2559,Appointment
2560,Train
2561,Flight
2562,PickUp
2563,Delivery
2564,Movie
2565,PickUp
2566,Bus
2567,PickUp
2568,Hotel
2569,Payment
2570,Payment
2571,Cab
2572,Bus
2573,Movie
2574,Payment
2575,Delivery
2576,Movie
2577,PickUp
2578,Flight
2579,PickUp
2580,Appointment
2581,PickUp
2582,Cab
2583,Hotel
2584,Payment
2585,PickUp
2586,Delivery
2587,Cab
2588,Payment
2589,Train
2590,Payment
2591,Train
2592,Train
2593,Appointment
2594,PickUp
2595,Expiry
2596,Expiry
2597,Cab
2598,PickUp
2599,Cab
2600,Flight
2601,Delivery
2602,Expiry
2603,Hotel
2604,Reservation
2605,Payment
2606,Delivery
2607,Movie
2608,Delivery
2609,Delivery
2610,Movie
2611,Payment
2612,Appointment
2613,Expiry
2614,Payment
2615,Movie
2616,Flight
2617,Bus
2618,PickUp
2619,PickUp
2620,PickUp
2621,Train
2622,Movie
2623,Delivery
2624,Flight
2625,Payment
2626,Train
2627,Hotel
2628,PickUp
2629,Hotel
2630,Reservation
2631,Cab
2632,Payment
2633,Movie
2634,Reservation
2635,Bus
2636,PickUp
2637,Movie
2638,Reservation
2639,Movie
2640,Payment
2641,Reservation
2642,Bus
2643,Reservation
2644,Payment
2645,PickUp
2646,Flight
2647,Cab
2648,Cab
2649,Delivery
2650,Flight
2651,Hotel
2652,Delivery
2653,Delivery
2654,Expiry
2655,Bus
2656,Bus
2657,Payment
2658,PickUp
2659,Cab
2660,Flight
2661,Hotel
2662,Hotel
2663,Appointment
2664,Bus
2665,Expiry
2666,Expiry
2667,PickUp
2668,Appointment
2669,Bus
2670,Payment
2671,Payment
2672,Delivery
2673,Flight
2674,Expiry
2675,Bus
2676,Flight
2677,PickUp
2678,Bus
2679,Hotel
2680,Flight
2681,Bus
2682,Expiry
2683,Train
2684,Payment
2685,PickUp
2686,PickUp
2687,Appointment
2688,Payment
2689,Delivery
2690,Appointment
2691,Flight
2692,Bus
2693,Flight
2694,Movie
2695,Bus
2696,Delivery
2697,Bus
2698,Cab
2699,Train
2700,Expiry
2701,Appointment
2702,Appointment
2703,Flight
2704,Reservation
2705,Appointment
2706,Flight
2707,Expiry
2708,Train
2709,Cab
2710,Hotel
2711,Flight
2712,Flight
2713,Expiry
2714,Payment
2715,Hotel
2716,Appointment
2717,Expiry
2718,Appointment
2719,Delivery
2720,Hotel
2721,Appointment
2722,Bus
2723,Delivery
2724,Bus
2725,Cab
2726,Bus
2727,Payment
2728,Movie
2729,Movie
2730,Delivery
2731,Hotel
2732,Bus
2733,Cab
2734,Movie
2735,PickUp
2736,Cab
2737,Payment
2738,Cab
2739,Payment
2740,Flight
2741,Expiry
2742,Delivery
2743,Delivery
2744,Bus
2745,Payment
2746,Cab
2747,Movie
2748,Delivery
2749,Cab
2750,Appointment
2751,Train
2752,Expiry
2753,Movie
2754,Bus
2755,Cab
2756,Cab
2757,Appointment
2758,Expiry
2759,Delivery
2760,PickUp
2761,Movie
2762,PickUp
2763,Train
2764,Delivery
2765,Bus
2766,Bus
2767,Expiry
2768,Payment
2769,Train
2770,Movie
2771,Expiry
2772,Reservation
2773,Cab
2774,Reservation
2775,Train
2776,Hotel
2777,Flight
2778,Expiry
2779,Movie
2780,Hotel
2781,Payment
2782,Train
2783,Reservation
2784,PickUp
2785,Flight
2786,Cab
2787,Expiry
2788,Delivery
2789,Payment
2790,Flight
2791,Reservation
2792,Train
2793,Movie
2794,Train
2795,PickUp
2796,Hotel
2797,Train
2798,Movie
2799,PickUp
2800,Expiry
2801,Flight
2802,Appointment
2803,Delivery
2804,Cab
2805,Bus
2806,Flight
2807,Payment
2808,Payment
2809,PickUp
2810,Movie
2811,Payment
2812,Reservation
2813,Movie
2814,Delivery
2815,Appointment
2816,Flight
2817,Payment
2818,Movie
2819,Movie
2820,Payment
2821,Reservation
2822,Movie
2823,Hotel
2824,Appointment
2825,Payment
2826,Expiry
2827,Payment
2828,Reservation
2829,Payment
2830,Payment
2831,Reservation
2832,Cab
2833,Cab
2834,Train
2835,Expiry
2836,Expiry
2837,Train
2838,Movie
2839,Movie
2840,Reservation
2841,PickUp
2842,Hotel
2843,Bus
2844,Bus
2845,Expiry
2846,Expiry
2847,Bus
2848,Bus
2849,Train
2850,PickUp
2851,PickUp
2852,Hotel
2853,Flight
2854,Movie
2855,Appointment
2856,Train
2857,Train
2858,Bus
2859,PickUp
2860,Delivery
2861,Train
2862,Payment
2863,Reservation
2864,Reservation
2865,Reservation
2866,Expiry
2867,Train
2868,Movie
2869,Hotel
2870,Delivery
2871,Reservation
2872,Bus
2873,PickUp
2874,Cab
2875,Train
2876,Appointment
2877,PickUp
2878,PickUp
2879,Cab
2880,Cab
2881,Delivery
2882,Flight
2883,Appointment
2884,Train
2885,Reservation
2886,Cab
2887,Train
2888,Movie
2889,PickUp
2890,PickUp
2891,Payment
2892,Hotel
2893,Movie
2894,Payment
2895,Reservation
2896,Payment
2897,Delivery
2898,Movie
2899,Cab
2900,Expiry
2901,PickUp
2902,Reservation
2903,PickUp
2904,Cab
2905,Appointment
2906,Hotel
2907,Delivery
2908,Movie
2909,Reservation
2910,Payment
2911,Expiry
2912,Expiry
2913,Delivery
2914,PickUp
2915,Payment
2916,Reservation
2917,Train
2918,Bus
2919,Appointment
2920,Cab
2921,Hotel
2922,Flight
2923,Movie
2924,Movie
2925,Reservation
2926,Bus
2927,PickUp
2928,Movie
2929,Flight
2930,Delivery
2931,Flight
2932,Flight
2933,Payment
2934,Payment
2935,Flight
2936,Hotel
2937,Flight
2938,Bus
2939,Reservation
2940,Flight
2941,Payment
2942,Reservation
2943,Payment
2944,Flight
2945,Flight
2946,Appointment
2947,PickUp
2948,PickUp
2949,Bus
2950,Hotel
2951,Delivery
2952,Expiry
2953,Expiry
2954,Appointment
2955,Train
2956,Payment
2957,Hotel
2958,Train
2959,Movie
2960,Delivery
2961,Appointment
2962,PickUp
2963,Expiry
2964,Reservation
2965,Train
2966,Delivery
2967,PickUp
2968,Flight
2969,Bus
2970,Expiry
2971,Expiry
2972,Hotel
2973,Payment
2974,Movie
2975,PickUp
2976,Reservation
2977,Movie
2978,Payment
2979,Reservation
2980,PickUp
2981,Expiry
2982,Cab
2983,Payment
2984,Expiry
2985,Reservation
2986,Hotel
2987,Cab
2988,Bus
2989,Cab
2990,Reservation
2991,PickUp
2992,Delivery
2993,Movie
2994,Payment
2995,Appointment
2996,Bus
2997,Delivery
2998,Movie
2999,Hotel
3000,PickUp
