RecordNo,Label
1,PickUp
2,PickUp
3,PickUp
4,PickUp
5,PickUp
6,PickUp
7,PickUp
8,PickUp
9,PickUp
10,PickUp
11,PickUp
12,PickUp
13,PickUp
14,PickUp
15,PickUp
16,PickUp
17,PickUp
18,PickUp
19,PickUp
20,PickUp
21,PickUp
22,PickUp
23,PickUp
24,PickUp
25,PickUp
26,PickUp
27,PickUp
28,PickUp
29,PickUp
30,PickUp
31,PickUp
32,PickUp
33,PickUp
34,PickUp
35,PickUp
36,PickUp
37,PickUp
38,PickUp
39,PickUp
40,PickUp
41,PickUp
42,PickUp
43,PickUp
44,PickUp
45,PickUp
46,PickUp
47,PickUp
48,PickUp
49,PickUp
50,PickUp
51,PickUp
52,PickUp
53,PickUp
54,PickUp
55,PickUp
56,PickUp
57,PickUp
58,PickUp
59,PickUp
60,PickUp
61,PickUp
62,PickUp
63,PickUp
64,PickUp
65,PickUp
66,PickUp
67,PickUp
68,PickUp
69,PickUp
70,PickUp
71,PickUp
72,PickUp
73,PickUp
74,PickUp
75,PickUp
76,PickUp
77,PickUp
78,PickUp
79,PickUp
80,PickUp
81,PickUp
82,PickUp
83,PickUp
84,PickUp
85,PickUp
86,PickUp
87,PickUp
88,PickUp
89,PickUp
90,PickUp
91,PickUp
92,PickUp
93,PickUp
94,PickUp
95,PickUp
96,PickUp
97,PickUp
98,PickUp
99,PickUp
100,PickUp
101,PickUp
102,PickUp
103,PickUp
104,PickUp
105,PickUp
106,PickUp
107,PickUp
108,PickUp
109,PickUp
110,PickUp
111,PickUp
112,PickUp
113,PickUp
114,PickUp
115,PickUp
116,PickUp
117,PickUp
118,PickUp
119,PickUp
120,PickUp
121,PickUp
122,PickUp
123,PickUp
124,PickUp
125,PickUp
126,PickUp
127,PickUp
128,PickUp
129,PickUp
130,PickUp
131,PickUp
132,PickUp
133,PickUp
134,PickUp
135,PickUp
136,PickUp
137,PickUp
138,PickUp
139,PickUp
140,PickUp
141,PickUp
142,PickUp
143,PickUp
144,PickUp
145,PickUp
146,PickUp
147,PickUp
148,PickUp
149,PickUp
150,PickUp
151,PickUp
152,PickUp
153,PickUp
154,PickUp
155,PickUp
156,PickUp
157,PickUp
158,PickUp
159,PickUp
160,PickUp
161,PickUp
162,PickUp
163,PickUp
164,PickUp
165,PickUp
166,PickUp
167,PickUp
168,PickUp
169,PickUp
170,PickUp
171,PickUp
172,PickUp
173,PickUp
174,PickUp
175,PickUp
176,PickUp
177,PickUp
178,PickUp
179,PickUp
180,PickUp
181,PickUp
182,PickUp
183,PickUp
184,PickUp
185,PickUp
186,PickUp
187,PickUp
188,PickUp
189,PickUp
190,PickUp
191,PickUp
192,PickUp
193,PickUp
194,PickUp
195,PickUp
196,PickUp
197,PickUp
198,PickUp
199,PickUp
200,PickUp
201,PickUp
202,PickUp
203,PickUp
204,PickUp
205,PickUp
206,PickUp
207,PickUp
208,PickUp
209,PickUp
210,PickUp
211,PickUp
212,PickUp
213,PickUp
214,PickUp
215,PickUp
216,PickUp
217,PickUp
218,PickUp
219,PickUp
220,PickUp
221,PickUp
222,PickUp
223,PickUp
224,PickUp
225,PickUp
226,PickUp
227,PickUp
228,PickUp
229,PickUp
230,PickUp
231,PickUp
232,PickUp
233,PickUp
234,PickUp
235,PickUp
236,PickUp
237,PickUp
238,PickUp
239,PickUp
240,PickUp
241,PickUp
242,PickUp
243,PickUp
244,PickUp
245,PickUp
246,PickUp
247,PickUp
248,PickUp
249,PickUp
250,PickUp
251,PickUp
252,PickUp
253,PickUp
254,PickUp
255,PickUp
256,PickUp
257,PickUp
258,PickUp
259,PickUp
260,PickUp
261,PickUp
262,PickUp
263,PickUp
264,PickUp
265,PickUp
266,PickUp
267,PickUp
268,PickUp
269,PickUp
270,PickUp
271,PickUp
272,PickUp
273,PickUp
274,PickUp
275,PickUp
276,PickUp
277,PickUp
278,PickUp
279,PickUp
280,PickUp
281,PickUp
282,PickUp
283,PickUp
284,PickUp
285,PickUp
286,PickUp
287,PickUp
288,PickUp
289,PickUp
290,PickUp
291,PickUp
292,PickUp
293,PickUp
294,PickUp
295,PickUp
296,PickUp
297,PickUp
298,PickUp
299,PickUp
300,PickUp
301,PickUp
302,PickUp
303,PickUp
304,PickUp
305,PickUp
306,PickUp
307,PickUp
308,PickUp
309,PickUp
310,PickUp
311,PickUp
312,PickUp
313,PickUp
314,PickUp
315,PickUp
316,PickUp
317,PickUp
318,PickUp
319,PickUp
320,PickUp
321,PickUp
322,PickUp
323,PickUp
324,PickUp
325,PickUp
326,PickUp
327,PickUp
328,PickUp
329,PickUp
330,PickUp
331,PickUp
332,PickUp
333,PickUp
334,PickUp
335,PickUp
336,PickUp
337,PickUp
338,PickUp
339,PickUp
340,PickUp
341,PickUp
342,PickUp
343,PickUp
344,PickUp
345,PickUp
346,PickUp
347,PickUp
348,PickUp
349,PickUp
350,PickUp
351,PickUp
352,PickUp
353,PickUp
354,PickUp
355,PickUp
356,PickUp
357,PickUp
358,PickUp
359,PickUp
360,PickUp
361,PickUp
362,PickUp
363,PickUp
364,PickUp
365,PickUp
366,PickUp
367,PickUp
368,PickUp
369,PickUp
370,PickUp
371,PickUp
372,PickUp
373,PickUp
374,PickUp
375,PickUp
376,PickUp
377,PickUp
378,PickUp
379,PickUp
380,PickUp
381,PickUp
382,PickUp
383,PickUp
384,PickUp
385,PickUp
386,PickUp
387,PickUp
388,PickUp
389,PickUp
390,PickUp
391,PickUp
392,PickUp
393,PickUp
394,PickUp
395,PickUp
396,PickUp
397,PickUp
398,PickUp
399,PickUp
400,PickUp
401,PickUp
402,PickUp
403,PickUp
404,PickUp
405,PickUp
406,PickUp
407,PickUp
408,PickUp
409,PickUp
410,PickUp
411,PickUp
412,PickUp
413,PickUp
414,PickUp
415,PickUp
416,PickUp
417,PickUp
418,PickUp
419,PickUp
420,PickUp
421,PickUp
422,PickUp
423,PickUp
424,PickUp
425,PickUp
426,PickUp
427,PickUp
428,PickUp
429,PickUp
430,PickUp
431,PickUp
432,PickUp
433,PickUp
434,PickUp
435,PickUp
436,PickUp
437,PickUp
438,PickUp
439,PickUp
440,PickUp
441,PickUp
442,PickUp
443,PickUp
444,PickUp
445,PickUp
446,PickUp
447,PickUp
448,PickUp
449,PickUp
450,PickUp
451,PickUp
452,PickUp
453,PickUp
454,PickUp
455,PickUp
456,PickUp
457,PickUp
458,PickUp
459,PickUp
460,PickUp
461,PickUp
462,PickUp
463,PickUp
464,PickUp
465,PickUp
466,PickUp
467,PickUp
468,PickUp
469,PickUp
470,PickUp
471,PickUp
472,PickUp
473,PickUp
474,PickUp
475,PickUp
476,PickUp
477,PickUp
478,PickUp
479,PickUp
480,PickUp
481,PickUp
482,PickUp
483,PickUp
484,PickUp
485,PickUp
486,PickUp
487,PickUp
488,PickUp
489,PickUp
490,PickUp
491,PickUp
492,PickUp
493,PickUp
494,PickUp
495,PickUp
496,PickUp
497,PickUp
498,PickUp
499,PickUp
500,PickUp
501,PickUp
502,PickUp
503,PickUp
504,PickUp
505,PickUp
506,PickUp
507,PickUp
508,PickUp
509,PickUp
510,PickUp
511,PickUp
512,PickUp
513,PickUp
514,PickUp
515,PickUp
516,PickUp
517,PickUp
518,PickUp
519,PickUp
520,PickUp
521,PickUp
522,PickUp
523,PickUp
524,PickUp
525,PickUp
526,PickUp
527,PickUp
528,PickUp
529,PickUp
530,PickUp
531,PickUp
532,PickUp
533,PickUp
534,PickUp
535,PickUp
536,PickUp
537,PickUp
538,PickUp
539,PickUp
540,PickUp
541,PickUp
542,PickUp
543,PickUp
544,PickUp
545,PickUp
546,PickUp
547,PickUp
548,PickUp
549,PickUp
550,PickUp
551,PickUp
552,PickUp
553,PickUp
554,PickUp
555,PickUp
556,PickUp
557,PickUp
558,PickUp
559,PickUp
560,PickUp
561,PickUp
562,PickUp
563,PickUp
564,PickUp
565,PickUp
566,PickUp
567,PickUp
568,PickUp
569,PickUp
570,PickUp
571,PickUp
572,PickUp
573,PickUp
574,PickUp
575,PickUp
576,PickUp
577,PickUp
578,PickUp
579,PickUp
580,PickUp
581,PickUp
582,PickUp
583,PickUp
584,PickUp
585,PickUp
586,PickUp
587,PickUp
588,PickUp
589,PickUp
590,PickUp
591,PickUp
592,PickUp
593,PickUp
594,PickUp
595,PickUp
596,PickUp
597,PickUp
598,PickUp
599,PickUp
600,PickUp
601,PickUp
602,PickUp
603,PickUp
604,PickUp
605,PickUp
606,PickUp
607,PickUp
608,PickUp
609,PickUp
610,PickUp
611,PickUp
612,PickUp
613,PickUp
614,PickUp
615,PickUp
616,PickUp
617,PickUp
618,PickUp
619,PickUp
620,PickUp
621,PickUp
622,PickUp
623,PickUp
624,PickUp
625,PickUp
626,PickUp
627,PickUp
628,PickUp
629,PickUp
630,PickUp
631,PickUp
632,PickUp
633,PickUp
634,PickUp
635,PickUp
636,PickUp
637,PickUp
638,PickUp
639,PickUp
640,PickUp
641,PickUp
642,PickUp
643,PickUp
644,PickUp
645,PickUp
646,PickUp
647,PickUp
648,PickUp
649,PickUp
650,PickUp
651,PickUp
652,PickUp
653,PickUp
654,PickUp
655,PickUp
656,PickUp
657,PickUp
658,PickUp
659,PickUp
660,PickUp
661,PickUp
662,PickUp
663,PickUp
664,PickUp
665,PickUp
666,PickUp
667,PickUp
668,PickUp
669,PickUp
670,PickUp
671,PickUp
672,PickUp
673,PickUp
674,PickUp
675,PickUp
676,PickUp
677,PickUp
678,PickUp
679,PickUp
680,PickUp
681,PickUp
682,PickUp
683,PickUp
684,PickUp
685,PickUp
686,PickUp
687,PickUp
688,PickUp
689,PickUp
690,PickUp
691,PickUp
692,PickUp
693,PickUp
694,PickUp
695,PickUp
696,PickUp
697,PickUp
698,PickUp
699,PickUp
700,PickUp
701,PickUp
702,PickUp
703,PickUp
704,PickUp
705,PickUp
706,PickUp
707,PickUp
708,PickUp
709,PickUp
710,PickUp
711,PickUp
712,PickUp
713,PickUp
714,PickUp
715,PickUp
716,PickUp
717,PickUp
718,PickUp
719,PickUp
720,PickUp
721,PickUp
722,PickUp
723,PickUp
724,PickUp
725,PickUp
726,PickUp
727,PickUp
728,PickUp
729,PickUp
730,PickUp
731,PickUp
732,PickUp
733,PickUp
734,PickUp
735,PickUp
736,PickUp
737,PickUp
738,PickUp
739,PickUp
740,PickUp
741,PickUp
742,PickUp
743,PickUp
744,PickUp
745,PickUp
746,PickUp
747,PickUp
748,PickUp
749,PickUp
750,PickUp
751,PickUp
752,PickUp
753,PickUp
754,PickUp
755,PickUp
756,PickUp
757,PickUp
758,PickUp
759,PickUp
760,PickUp
761,PickUp
762,PickUp
763,PickUp
764,PickUp
765,PickUp
766,PickUp
767,PickUp
768,PickUp
769,PickUp
770,PickUp
771,PickUp
772,PickUp
773,PickUp
774,PickUp
775,PickUp
776,PickUp
777,PickUp
778,PickUp
779,PickUp
780,PickUp
781,PickUp
782,PickUp
783,PickUp
784,PickUp
785,PickUp
786,PickUp
787,PickUp
788,PickUp
789,PickUp
790,PickUp
791,PickUp
792,PickUp
793,PickUp
794,PickUp
795,PickUp
796,PickUp
797,PickUp
798,PickUp
799,PickUp
800,PickUp
801,PickUp
802,PickUp
803,PickUp
804,PickUp
805,PickUp
806,PickUp
807,PickUp
808,PickUp
809,PickUp
810,PickUp
811,PickUp
812,PickUp
813,PickUp
814,PickUp
815,PickUp
816,PickUp
817,PickUp
818,PickUp
819,PickUp
820,PickUp
821,PickUp
822,PickUp
823,PickUp
824,PickUp
825,PickUp
826,PickUp
827,PickUp
828,PickUp
829,PickUp
830,PickUp
831,PickUp
832,PickUp
833,PickUp
834,PickUp
835,PickUp
836,PickUp
837,PickUp
838,PickUp
839,PickUp
840,PickUp
841,PickUp
842,PickUp
843,PickUp
844,PickUp
845,PickUp
846,PickUp
847,PickUp
848,PickUp
849,PickUp
850,PickUp
851,PickUp
852,PickUp
853,PickUp
854,PickUp
855,PickUp
856,PickUp
857,PickUp
858,PickUp
859,PickUp
860,PickUp
861,PickUp
862,PickUp
863,PickUp
864,PickUp
865,PickUp
866,PickUp
867,PickUp
868,PickUp
869,PickUp
870,PickUp
871,PickUp
872,PickUp
873,PickUp
874,PickUp
875,PickUp
876,PickUp
877,PickUp
878,PickUp
879,PickUp
880,PickUp
881,PickUp
882,PickUp
883,PickUp
884,PickUp
885,PickUp
886,PickUp
887,PickUp
888,PickUp
889,PickUp
890,PickUp
891,PickUp
892,PickUp
893,PickUp
894,PickUp
895,PickUp
896,PickUp
897,PickUp
898,PickUp
899,PickUp
900,PickUp
901,PickUp
902,PickUp
903,PickUp
904,PickUp
905,PickUp
906,PickUp
907,PickUp
908,PickUp
909,PickUp
910,PickUp
911,PickUp
912,PickUp
913,PickUp
914,PickUp
915,PickUp
916,PickUp
917,PickUp
918,PickUp
919,PickUp
920,PickUp
921,PickUp
922,PickUp
923,PickUp
924,PickUp
925,PickUp
926,PickUp
927,PickUp
928,PickUp
929,PickUp
930,PickUp
931,PickUp
932,PickUp
933,PickUp
934,PickUp
935,PickUp
936,PickUp
937,PickUp
938,PickUp
939,PickUp
940,PickUp
941,PickUp
942,PickUp
943,PickUp
944,PickUp
945,PickUp
946,PickUp
947,PickUp
948,PickUp
949,PickUp
950,PickUp
951,PickUp
952,PickUp
953,PickUp
954,PickUp
955,PickUp
956,PickUp
957,PickUp
958,PickUp
959,PickUp
960,PickUp
961,PickUp
962,PickUp
963,PickUp
964,PickUp
965,PickUp
966,PickUp
967,PickUp
968,PickUp
969,PickUp
970,PickUp
971,PickUp
972,PickUp
973,PickUp
974,PickUp
975,PickUp
976,PickUp
977,PickUp
978,PickUp
979,PickUp
980,PickUp
981,PickUp
982,PickUp
983,PickUp
984,PickUp
985,PickUp
986,PickUp
987,PickUp
988,PickUp
989,PickUp
990,PickUp
991,PickUp
992,PickUp
993,PickUp
994,PickUp
995,PickUp
996,PickUp
997,PickUp
998,PickUp
999,PickUp
1000,PickUp
1001,PickUp
1002,PickUp
1003,PickUp
1004,PickUp
1005,PickUp
1006,PickUp
1007,PickUp
1008,PickUp
1009,PickUp
1010,PickUp
1011,PickUp
1012,PickUp
1013,PickUp
1014,PickUp
1015,PickUp
1016,PickUp
1017,PickUp
1018,PickUp
1019,PickUp
1020,PickUp
1021,PickUp
1022,PickUp
1023,PickUp
1024,PickUp
1025,PickUp
1026,PickUp
1027,PickUp
1028,PickUp
1029,PickUp
1030,PickUp
1031,PickUp
1032,PickUp
1033,PickUp
1034,PickUp
1035,PickUp
1036,PickUp
1037,PickUp
1038,PickUp
1039,PickUp
1040,PickUp
1041,PickUp
1042,PickUp
1043,PickUp
1044,PickUp
1045,PickUp
1046,PickUp
1047,PickUp
1048,PickUp
1049,PickUp
1050,PickUp
1051,PickUp
1052,PickUp
1053,PickUp
1054,PickUp
1055,PickUp
1056,PickUp
1057,PickUp
1058,PickUp
1059,PickUp
1060,PickUp
1061,PickUp
1062,PickUp
1063,PickUp
1064,PickUp
1065,PickUp
1066,PickUp
1067,PickUp
1068,PickUp
1069,PickUp
1070,PickUp
1071,PickUp
1072,PickUp
1073,PickUp
1074,PickUp
1075,PickUp
1076,PickUp
1077,PickUp
1078,PickUp
1079,PickUp
1080,PickUp
1081,PickUp
1082,PickUp
1083,PickUp
1084,PickUp
1085,PickUp
1086,PickUp
1087,PickUp
1088,PickUp
1089,PickUp
1090,PickUp
1091,PickUp
1092,PickUp
1093,PickUp
1094,PickUp
1095,PickUp
1096,PickUp
1097,PickUp
1098,PickUp
1099,PickUp
1100,PickUp
1101,PickUp
1102,PickUp
1103,PickUp
1104,PickUp
1105,PickUp
1106,PickUp
1107,PickUp
1108,PickUp
1109,PickUp
1110,PickUp
1111,PickUp
1112,PickUp
1113,PickUp
1114,PickUp
1115,PickUp
1116,PickUp
1117,PickUp
1118,PickUp
1119,PickUp
1120,PickUp
1121,PickUp
1122,PickUp
1123,PickUp
1124,PickUp
1125,PickUp
1126,PickUp
1127,PickUp
1128,PickUp
1129,PickUp
1130,PickUp
1131,PickUp
1132,PickUp
1133,PickUp
1134,PickUp
1135,PickUp
1136,PickUp
1137,PickUp
1138,PickUp
1139,PickUp
1140,PickUp
1141,PickUp
1142,PickUp
1143,PickUp
1144,PickUp
1145,PickUp
1146,PickUp
1147,PickUp
1148,PickUp
1149,PickUp
1150,PickUp
1151,PickUp
1152,PickUp
1153,PickUp
1154,PickUp
1155,PickUp
1156,PickUp
1157,PickUp
1158,PickUp
1159,PickUp
1160,PickUp
1161,PickUp
1162,PickUp
1163,PickUp
1164,PickUp
1165,PickUp
1166,PickUp
1167,PickUp
1168,PickUp
1169,PickUp
1170,PickUp
1171,PickUp
1172,PickUp
1173,PickUp
1174,PickUp
1175,PickUp
1176,PickUp
1177,PickUp
1178,PickUp
1179,PickUp
1180,PickUp
1181,PickUp
1182,PickUp
1183,PickUp
1184,PickUp
1185,PickUp
1186,PickUp
1187,PickUp
1188,PickUp
1189,PickUp
1190,PickUp
1191,PickUp
1192,PickUp
1193,PickUp
1194,PickUp
1195,PickUp
1196,PickUp
1197,PickUp
1198,PickUp
1199,PickUp
1200,PickUp
1201,PickUp
1202,PickUp
1203,PickUp
1204,PickUp
1205,PickUp
1206,PickUp
1207,PickUp
1208,PickUp
1209,PickUp
1210,PickUp
1211,PickUp
1212,PickUp
1213,PickUp
1214,PickUp
1215,PickUp
1216,PickUp
1217,PickUp
1218,PickUp
1219,PickUp
1220,PickUp
1221,PickUp
1222,PickUp
1223,PickUp
1224,PickUp
1225,PickUp
1226,PickUp
1227,PickUp
1228,PickUp
1229,PickUp
1230,PickUp
1231,PickUp
1232,PickUp
1233,PickUp
1234,PickUp
1235,PickUp
1236,PickUp
1237,PickUp
1238,PickUp
1239,PickUp
1240,PickUp
1241,PickUp
1242,PickUp
1243,PickUp
1244,PickUp
1245,PickUp
1246,PickUp
1247,PickUp
1248,PickUp
1249,PickUp
1250,PickUp
1251,PickUp
1252,PickUp
1253,PickUp
1254,PickUp
1255,PickUp
1256,PickUp
1257,PickUp
1258,PickUp
1259,PickUp
1260,PickUp
1261,PickUp
1262,PickUp
1263,PickUp
1264,PickUp
1265,PickUp
1266,PickUp
1267,PickUp
1268,PickUp
1269,PickUp
1270,PickUp
1271,PickUp
1272,PickUp
1273,PickUp
1274,PickUp
1275,PickUp
1276,PickUp
1277,PickUp
1278,PickUp
1279,PickUp
1280,PickUp
1281,PickUp
1282,PickUp
1283,PickUp
1284,PickUp
1285,PickUp
1286,PickUp
1287,PickUp
1288,PickUp
1289,PickUp
1290,PickUp
1291,PickUp
1292,PickUp
1293,PickUp
1294,PickUp
1295,PickUp
1296,PickUp
1297,PickUp
1298,PickUp
1299,PickUp
1300,PickUp
1301,PickUp
1302,PickUp
1303,PickUp
1304,PickUp
1305,PickUp
1306,PickUp
1307,PickUp
1308,PickUp
1309,PickUp
1310,PickUp
1311,PickUp
1312,PickUp
1313,PickUp
1314,PickUp
1315,PickUp
1316,PickUp
1317,PickUp
1318,PickUp
1319,PickUp
1320,PickUp
1321,PickUp
1322,PickUp
1323,PickUp
1324,PickUp
1325,PickUp
1326,PickUp
1327,PickUp
1328,PickUp
1329,PickUp
1330,PickUp
1331,PickUp
1332,PickUp
1333,PickUp
1334,PickUp
1335,PickUp
1336,PickUp
1337,PickUp
1338,PickUp
1339,PickUp
1340,PickUp
1341,PickUp
1342,PickUp
1343,PickUp
1344,PickUp
1345,PickUp
1346,PickUp
1347,PickUp
1348,PickUp
1349,PickUp
1350,PickUp
1351,PickUp
1352,PickUp
1353,PickUp
1354,PickUp
1355,PickUp
1356,PickUp
1357,PickUp
1358,PickUp
1359,PickUp
1360,PickUp
1361,PickUp
1362,PickUp
1363,PickUp
1364,PickUp
1365,PickUp
1366,PickUp
1367,PickUp
1368,PickUp
1369,PickUp
1370,PickUp
1371,PickUp
1372,PickUp
1373,PickUp
1374,PickUp
1375,PickUp
1376,PickUp
1377,PickUp
1378,PickUp
1379,PickUp
1380,PickUp
1381,PickUp
1382,PickUp
1383,PickUp
1384,PickUp
1385,PickUp
1386,PickUp
1387,PickUp
1388,PickUp
1389,PickUp
1390,PickUp
1391,PickUp
1392,PickUp
1393,PickUp
1394,PickUp
1395,PickUp
1396,PickUp
1397,PickUp
1398,PickUp
1399,PickUp
1400,PickUp
1401,PickUp
1402,PickUp
1403,PickUp
1404,PickUp
1405,PickUp
1406,PickUp
1407,PickUp
1408,PickUp
1409,PickUp
1410,PickUp
1411,PickUp
1412,PickUp
1413,PickUp
1414,PickUp
1415,PickUp
1416,PickUp
1417,PickUp
1418,PickUp
1419,PickUp
1420,PickUp
1421,PickUp
1422,PickUp
1423,PickUp
1424,PickUp
1425,PickUp
1426,PickUp
1427,PickUp
1428,PickUp
1429,PickUp
1430,PickUp
1431,PickUp
1432,PickUp
1433,PickUp
1434,PickUp
1435,PickUp
1436,PickUp
1437,PickUp
1438,PickUp
1439,PickUp
1440,PickUp
1441,PickUp
1442,PickUp
1443,PickUp
1444,PickUp
1445,PickUp
1446,PickUp
1447,PickUp
1448,PickUp
1449,PickUp
1450,PickUp
1451,PickUp
1452,PickUp
1453,PickUp
1454,PickUp
1455,PickUp
1456,PickUp
1457,PickUp
1458,PickUp
1459,PickUp
1460,PickUp
1461,PickUp
1462,PickUp
1463,PickUp
1464,PickUp
1465,PickUp
1466,PickUp
1467,PickUp
1468,PickUp
1469,PickUp
1470,PickUp
1471,PickUp
1472,PickUp
1473,PickUp
1474,PickUp
1475,PickUp
1476,PickUp
1477,PickUp
1478,PickUp
1479,PickUp
1480,PickUp
1481,PickUp
1482,PickUp
1483,PickUp
1484,PickUp
1485,PickUp
1486,PickUp
1487,PickUp
1488,PickUp
1489,PickUp
1490,PickUp
1491,PickUp
1492,PickUp
1493,PickUp
1494,PickUp
1495,PickUp
1496,PickUp
1497,PickUp
1498,PickUp
1499,PickUp
1500,PickUp
1501,PickUp
1502,PickUp
1503,PickUp
1504,PickUp
1505,PickUp
1506,PickUp
1507,PickUp
1508,PickUp
1509,PickUp
1510,PickUp
1511,PickUp
1512,PickUp
1513,PickUp
1514,PickUp
1515,PickUp
1516,PickUp
1517,PickUp
1518,PickUp
1519,PickUp
1520,PickUp
1521,PickUp
1522,PickUp
1523,PickUp
1524,PickUp
1525,PickUp
1526,PickUp
1527,PickUp
1528,PickUp
1529,PickUp
1530,PickUp
1531,PickUp
1532,PickUp
1533,PickUp
1534,PickUp
1535,PickUp
1536,PickUp
1537,PickUp
1538,PickUp
1539,PickUp
1540,PickUp
1541,PickUp
1542,PickUp
1543,PickUp
1544,PickUp
1545,PickUp
1546,PickUp
1547,PickUp
1548,PickUp
1549,PickUp
1550,PickUp
1551,PickUp
1552,PickUp
1553,PickUp
1554,PickUp
1555,PickUp
1556,PickUp
1557,PickUp
1558,PickUp
1559,PickUp
1560,PickUp
1561,PickUp
1562,PickUp
1563,PickUp
1564,PickUp
1565,PickUp
1566,PickUp
1567,PickUp
1568,PickUp
1569,PickUp
1570,PickUp
1571,PickUp
1572,PickUp
1573,PickUp
1574,PickUp
1575,PickUp
1576,PickUp
1577,PickUp
1578,PickUp
1579,PickUp
1580,PickUp
1581,PickUp
1582,PickUp
1583,PickUp
1584,PickUp
1585,PickUp
1586,PickUp
1587,PickUp
1588,PickUp
1589,PickUp
1590,PickUp
1591,PickUp
1592,PickUp
1593,PickUp
1594,PickUp
1595,PickUp
1596,PickUp
1597,PickUp
1598,PickUp
1599,PickUp
1600,PickUp
1601,PickUp
1602,PickUp
1603,PickUp
1604,PickUp
1605,PickUp
1606,PickUp
1607,PickUp
1608,PickUp
1609,PickUp
1610,PickUp
1611,PickUp
1612,PickUp
1613,PickUp
1614,PickUp
1615,PickUp
1616,PickUp
1617,PickUp
1618,PickUp
1619,PickUp
1620,PickUp
1621,PickUp
1622,PickUp
1623,PickUp
1624,PickUp
1625,PickUp
1626,PickUp
1627,PickUp
1628,PickUp
1629,PickUp
1630,PickUp
1631,PickUp
1632,PickUp
1633,PickUp
1634,PickUp
1635,PickUp
1636,PickUp
1637,PickUp
1638,PickUp
1639,PickUp
1640,PickUp
1641,PickUp
1642,PickUp
1643,PickUp
1644,PickUp
1645,PickUp
1646,PickUp
1647,PickUp
1648,PickUp
1649,PickUp
1650,PickUp
1651,PickUp
1652,PickUp
1653,PickUp
1654,PickUp
1655,PickUp
1656,PickUp
1657,PickUp
1658,PickUp
1659,PickUp
1660,PickUp
1661,PickUp
1662,PickUp
1663,PickUp
1664,PickUp
1665,PickUp
1666,PickUp
1667,PickUp
1668,PickUp
1669,PickUp
1670,PickUp
1671,PickUp
1672,PickUp
1673,PickUp
1674,PickUp
1675,PickUp
1676,PickUp
1677,PickUp
1678,PickUp
1679,PickUp
1680,PickUp
1681,PickUp
1682,PickUp
1683,PickUp
1684,PickUp
1685,PickUp
1686,PickUp
1687,PickUp
1688,PickUp
1689,PickUp
1690,PickUp
1691,PickUp
1692,PickUp
1693,PickUp
1694,PickUp
1695,PickUp
1696,PickUp
1697,PickUp
1698,PickUp
1699,PickUp
1700,PickUp
1701,PickUp
1702,PickUp
1703,PickUp
1704,PickUp
1705,PickUp
1706,PickUp
1707,PickUp
1708,PickUp
1709,PickUp
1710,PickUp
1711,PickUp
1712,PickUp
1713,PickUp
1714,PickUp
1715,PickUp
1716,PickUp
1717,PickUp
1718,PickUp
1719,PickUp
1720,PickUp
1721,PickUp
1722,PickUp
1723,PickUp
1724,PickUp
1725,PickUp
1726,PickUp
1727,PickUp
1728,PickUp
1729,PickUp
1730,PickUp
1731,PickUp
1732,PickUp
1733,PickUp
1734,PickUp
1735,PickUp
1736,PickUp
1737,PickUp
1738,PickUp
1739,PickUp
1740,PickUp
1741,PickUp
1742,PickUp
1743,PickUp
1744,PickUp
1745,PickUp
1746,PickUp
1747,PickUp
1748,PickUp
1749,PickUp
1750,PickUp
1751,PickUp
1752,PickUp
1753,PickUp
1754,PickUp
1755,PickUp
1756,PickUp
1757,PickUp
1758,PickUp
1759,PickUp
1760,PickUp
1761,PickUp
1762,PickUp
1763,PickUp
1764,PickUp
1765,PickUp
1766,PickUp
1767,PickUp
1768,PickUp
1769,PickUp
1770,PickUp
1771,PickUp
1772,PickUp
1773,PickUp
1774,PickUp
1775,PickUp
1776,PickUp
1777,PickUp
1778,PickUp
1779,PickUp
1780,PickUp
1781,PickUp
1782,PickUp
1783,PickUp
1784,PickUp
1785,PickUp
1786,PickUp
1787,PickUp
1788,PickUp
1789,PickUp
1790,PickUp
1791,PickUp
1792,PickUp
1793,PickUp
1794,PickUp
1795,PickUp
1796,PickUp
1797,PickUp
1798,PickUp
1799,PickUp
1800,PickUp
1801,PickUp
1802,PickUp
1803,PickUp
1804,PickUp
1805,PickUp
1806,PickUp
1807,PickUp
1808,PickUp
1809,PickUp
1810,PickUp
1811,PickUp
1812,PickUp
1813,PickUp
1814,PickUp
1815,PickUp
1816,PickUp
1817,PickUp
1818,PickUp
1819,PickUp
1820,PickUp
1821,PickUp
1822,PickUp
1823,PickUp
1824,PickUp
1825,PickUp
1826,PickUp
1827,PickUp
1828,PickUp
1829,PickUp
1830,PickUp
1831,PickUp
1832,PickUp
1833,PickUp
1834,PickUp
1835,PickUp
1836,PickUp
1837,PickUp
1838,PickUp
1839,PickUp
1840,PickUp
1841,PickUp
1842,PickUp
1843,PickUp
1844,PickUp
1845,PickUp
1846,PickUp
1847,PickUp
1848,PickUp
1849,PickUp
1850,PickUp
1851,PickUp
1852,PickUp
1853,PickUp
1854,PickUp
1855,PickUp
1856,PickUp
1857,PickUp
1858,PickUp
1859,PickUp
1860,PickUp
1861,PickUp
1862,PickUp
1863,PickUp
1864,PickUp
1865,PickUp
1866,PickUp
1867,PickUp
1868,PickUp
1869,PickUp
1870,PickUp
1871,PickUp
1872,PickUp
1873,PickUp
1874,PickUp
1875,PickUp
1876,PickUp
1877,PickUp
1878,PickUp
1879,PickUp
1880,PickUp
1881,PickUp
1882,PickUp
1883,PickUp
1884,PickUp
1885,PickUp
1886,PickUp
1887,PickUp
1888,PickUp
1889,PickUp
1890,PickUp
1891,PickUp
1892,PickUp
1893,PickUp
1894,PickUp
1895,PickUp
1896,PickUp
1897,PickUp
1898,PickUp
1899,PickUp
1900,PickUp
1901,PickUp
1902,PickUp
1903,PickUp
1904,PickUp
1905,PickUp
1906,PickUp
1907,PickUp
1908,PickUp
1909,PickUp
1910,PickUp
1911,PickUp
1912,PickUp
1913,PickUp
1914,PickUp
1915,PickUp
1916,PickUp
1917,PickUp
1918,PickUp
1919,PickUp
1920,PickUp
1921,PickUp
1922,PickUp
1923,PickUp
1924,PickUp
1925,PickUp
1926,PickUp
1927,PickUp
1928,PickUp
1929,PickUp
1930,PickUp
1931,PickUp
1932,PickUp
1933,PickUp
1934,PickUp
1935,PickUp
1936,PickUp
1937,PickUp
1938,PickUp
1939,PickUp
1940,PickUp
1941,PickUp
1942,PickUp
1943,PickUp
1944,PickUp
1945,PickUp
1946,PickUp
1947,PickUp
1948,PickUp
1949,PickUp
1950,PickUp
1951,PickUp
1952,PickUp
1953,PickUp
1954,PickUp
1955,PickUp
1956,PickUp
1957,PickUp
1958,PickUp
1959,PickUp
1960,PickUp
1961,PickUp
1962,PickUp
1963,PickUp
1964,PickUp
1965,PickUp
1966,PickUp
1967,PickUp
1968,PickUp
1969,PickUp
1970,PickUp
1971,PickUp
1972,PickUp
1973,PickUp
1974,PickUp
1975,PickUp
1976,PickUp
1977,PickUp
1978,PickUp
1979,PickUp
1980,PickUp
1981,PickUp
1982,PickUp
1983,PickUp
1984,PickUp
1985,PickUp
1986,PickUp
1987,PickUp
1988,PickUp
1989,PickUp
1990,PickUp
1991,PickUp
1992,PickUp
1993,PickUp
1994,PickUp
1995,PickUp
1996,PickUp
1997,PickUp
1998,PickUp
1999,PickUp
2000,PickUp
2001,PickUp
2002,PickUp
2003,PickUp
2004,PickUp
2005,PickUp
2006,PickUp
2007,PickUp
2008,PickUp
2009,PickUp
2010,PickUp
2011,PickUp
2012,PickUp
2013,PickUp
2014,PickUp
2015,PickUp
2016,PickUp
2017,PickUp
2018,PickUp
2019,PickUp
2020,PickUp
2021,PickUp
2022,PickUp
2023,PickUp
2024,PickUp
2025,PickUp
2026,PickUp
2027,PickUp
2028,PickUp
2029,PickUp
2030,PickUp
2031,PickUp
2032,PickUp
2033,PickUp
2034,PickUp
2035,PickUp
2036,PickUp
2037,PickUp
2038,PickUp
2039,PickUp
2040,PickUp
2041,PickUp
2042,PickUp
2043,PickUp
2044,PickUp
2045,PickUp
2046,PickUp
2047,PickUp
2048,PickUp
2049,PickUp
2050,PickUp
2051,PickUp
2052,PickUp
2053,PickUp
2054,PickUp
2055,PickUp
2056,PickUp
2057,PickUp
2058,PickUp
2059,PickUp
2060,PickUp
2061,PickUp
2062,PickUp
2063,PickUp
2064,PickUp
2065,PickUp
2066,PickUp
2067,PickUp
2068,PickUp
2069,PickUp
2070,PickUp
2071,PickUp
2072,PickUp
2073,PickUp
2074,PickUp
2075,PickUp
2076,PickUp
2077,PickUp
2078,PickUp
2079,PickUp
2080,PickUp
2081,PickUp
2082,PickUp
2083,PickUp
2084,PickUp
2085,PickUp
2086,PickUp
2087,PickUp
2088,PickUp
2089,PickUp
2090,PickUp
2091,PickUp
2092,PickUp
2093,PickUp
2094,PickUp
2095,PickUp
2096,PickUp
2097,PickUp
2098,PickUp
2099,PickUp
2100,PickUp
2101,PickUp
2102,PickUp
2103,PickUp
2104,PickUp
2105,PickUp
2106,PickUp
2107,PickUp
2108,PickUp
2109,PickUp
2110,PickUp
2111,PickUp
2112,PickUp
2113,PickUp
2114,PickUp
2115,PickUp
2116,PickUp
2117,PickUp
2118,PickUp
2119,PickUp
2120,PickUp
2121,PickUp
2122,PickUp
2123,PickUp
2124,PickUp
2125,PickUp
2126,PickUp
2127,PickUp
2128,PickUp
2129,PickUp
2130,PickUp
2131,PickUp
2132,PickUp
2133,PickUp
2134,PickUp
2135,PickUp
2136,PickUp
2137,PickUp
2138,PickUp
2139,PickUp
2140,PickUp
2141,PickUp
2142,PickUp
2143,PickUp
2144,PickUp
2145,PickUp
2146,PickUp
2147,PickUp
2148,PickUp
2149,PickUp
2150,PickUp
2151,PickUp
2152,PickUp
2153,PickUp
2154,PickUp
2155,PickUp
2156,PickUp
2157,PickUp
2158,PickUp
2159,PickUp
2160,PickUp
2161,PickUp
2162,PickUp
2163,PickUp
2164,PickUp
2165,PickUp
2166,PickUp
2167,PickUp
2168,PickUp
2169,PickUp
2170,PickUp
2171,PickUp
2172,PickUp
2173,PickUp
2174,PickUp
2175,PickUp
2176,PickUp
2177,PickUp
2178,PickUp
2179,PickUp
2180,PickUp
2181,PickUp
2182,PickUp
2183,PickUp
2184,PickUp
2185,PickUp
2186,PickUp
2187,PickUp
2188,PickUp
2189,PickUp
2190,PickUp
2191,PickUp
2192,PickUp
2193,PickUp
2194,PickUp
2195,PickUp
2196,PickUp
2197,PickUp
2198,PickUp
2199,PickUp
2200,PickUp
2201,PickUp
2202,PickUp
2203,PickUp
2204,PickUp
2205,PickUp
2206,PickUp
2207,PickUp
2208,PickUp
2209,PickUp
2210,PickUp
2211,PickUp
2212,PickUp
2213,PickUp
2214,PickUp
2215,PickUp
2216,PickUp
2217,PickUp
2218,PickUp
2219,PickUp
2220,PickUp
2221,PickUp
2222,PickUp
2223,PickUp
2224,PickUp
2225,PickUp
2226,PickUp
2227,PickUp
2228,PickUp
2229,PickUp
2230,PickUp
2231,PickUp
2232,PickUp
2233,PickUp
2234,PickUp
2235,PickUp
2236,PickUp
2237,PickUp
2238,PickUp
2239,PickUp
2240,PickUp
2241,PickUp
2242,PickUp
2243,PickUp
2244,PickUp
2245,PickUp
2246,PickUp
2247,PickUp
2248,PickUp
2249,PickUp
2250,PickUp
2251,PickUp
2252,PickUp
2253,PickUp
2254,PickUp
2255,PickUp
2256,PickUp
2257,PickUp
2258,PickUp
2259,PickUp
2260,PickUp
2261,PickUp
2262,PickUp
2263,PickUp
2264,PickUp
2265,PickUp
2266,PickUp
2267,PickUp
2268,PickUp
2269,PickUp
2270,PickUp
2271,PickUp
2272,PickUp
2273,PickUp
2274,PickUp
2275,PickUp
2276,PickUp
2277,PickUp
2278,PickUp
2279,PickUp
2280,PickUp
2281,PickUp
2282,PickUp
2283,PickUp
2284,PickUp
2285,PickUp
2286,PickUp
2287,PickUp
2288,PickUp
2289,PickUp
2290,PickUp
2291,PickUp
2292,PickUp
2293,PickUp
2294,PickUp
2295,PickUp
2296,PickUp
2297,PickUp
2298,PickUp
2299,PickUp
2300,PickUp
2301,PickUp
2302,PickUp
2303,PickUp
2304,PickUp
2305,PickUp
2306,PickUp
2307,PickUp
2308,PickUp
2309,PickUp
2310,PickUp
2311,PickUp
2312,PickUp
2313,PickUp
2314,PickUp
2315,PickUp
2316,PickUp
2317,PickUp
2318,PickUp
2319,PickUp
2320,PickUp
2321,PickUp
2322,PickUp
2323,PickUp
2324,PickUp
2325,PickUp
2326,PickUp
2327,PickUp
2328,PickUp
2329,PickUp
2330,PickUp
2331,PickUp
2332,PickUp
2333,PickUp
2334,PickUp
2335,PickUp
2336,PickUp
2337,PickUp
2338,PickUp
2339,PickUp
2340,PickUp
2341,PickUp
2342,PickUp
2343,PickUp
2344,PickUp
2345,PickUp
2346,PickUp
2347,PickUp
2348,PickUp
2349,PickUp
2350,PickUp
2351,PickUp
2352,PickUp
2353,PickUp
2354,PickUp
2355,PickUp
2356,PickUp
2357,PickUp
2358,PickUp
2359,PickUp
2360,PickUp
2361,PickUp
2362,PickUp
2363,PickUp
2364,PickUp
2365,PickUp
2366,PickUp
2367,PickUp
2368,PickUp
2369,PickUp
2370,PickUp
2371,PickUp
2372,PickUp
2373,PickUp
2374,PickUp
2375,PickUp
2376,PickUp
2377,PickUp
2378,PickUp
2379,PickUp
2380,PickUp
2381,PickUp
2382,PickUp
2383,PickUp
2384,PickUp
2385,PickUp
2386,PickUp
2387,PickUp
2388,PickUp
2389,PickUp
2390,PickUp
2391,PickUp
2392,PickUp
2393,PickUp
2394,PickUp
2395,PickUp
2396,PickUp
2397,PickUp
2398,PickUp
2399,PickUp
2400,PickUp
2401,PickUp
2402,PickUp
2403,PickUp
2404,PickUp
2405,PickUp
2406,PickUp
2407,PickUp
2408,PickUp
2409,PickUp
2410,PickUp
2411,PickUp
2412,PickUp
2413,PickUp
2414,PickUp
2415,PickUp
2416,PickUp
2417,PickUp
2418,PickUp
2419,PickUp
2420,PickUp
2421,PickUp
2422,PickUp
2423,PickUp
2424,PickUp
2425,PickUp
2426,PickUp
2427,PickUp
2428,PickUp
2429,PickUp
2430,PickUp
2431,PickUp
2432,PickUp
2433,PickUp
2434,PickUp
2435,PickUp
2436,PickUp
2437,PickUp
2438,PickUp
2439,PickUp
2440,PickUp
2441,PickUp
2442,PickUp
2443,PickUp
2444,PickUp
2445,PickUp
2446,PickUp
2447,PickUp
2448,PickUp
2449,PickUp
2450,PickUp
2451,PickUp
2452,PickUp
2453,PickUp
2454,PickUp
2455,PickUp
2456,PickUp
2457,PickUp
2458,PickUp
2459,PickUp
2460,PickUp
2461,PickUp
2462,PickUp
2463,PickUp
2464,PickUp
2465,PickUp
2466,PickUp
2467,PickUp
2468,PickUp
2469,PickUp
2470,PickUp
2471,PickUp
2472,PickUp
2473,PickUp
2474,PickUp
2475,PickUp
2476,PickUp
2477,PickUp
2478,PickUp
2479,PickUp
2480,PickUp
2481,PickUp
2482,PickUp
2483,PickUp
2484,PickUp
2485,PickUp
2486,PickUp
2487,PickUp
2488,PickUp
2489,PickUp
2490,PickUp
2491,PickUp
2492,PickUp
2493,PickUp
2494,PickUp
2495,PickUp
2496,PickUp
2497,PickUp
2498,PickUp
2499,PickUp
2500,PickUp
2501,PickUp
2502,PickUp
2503,PickUp
2504,PickUp
2505,PickUp
2506,PickUp
2507,PickUp
2508,PickUp
2509,PickUp
2510,PickUp
2511,PickUp
2512,PickUp
2513,PickUp
2514,PickUp
2515,PickUp
2516,PickUp
2517,PickUp
2518,PickUp
2519,PickUp
2520,PickUp
2521,PickUp
2522,PickUp
2523,PickUp
2524,PickUp
2525,PickUp
2526,PickUp
2527,PickUp
2528,PickUp
2529,PickUp
2530,PickUp
2531,PickUp
2532,PickUp
2533,PickUp
2534,PickUp
2535,PickUp
2536,PickUp
2537,PickUp
2538,PickUp
2539,PickUp
2540,PickUp
2541,PickUp
2542,PickUp
2543,PickUp
2544,PickUp
2545,PickUp
2546,PickUp
2547,PickUp
2548,PickUp
2549,PickUp
2550,PickUp
2551,PickUp
2552,PickUp
2553,PickUp
2554,PickUp
2555,PickUp
2556,PickUp
2557,PickUp
2558,PickUp
2559,PickUp
2560,PickUp
2561,PickUp
2562,PickUp
2563,PickUp
2564,PickUp
2565,PickUp
2566,PickUp
2567,PickUp
2568,PickUp
2569,PickUp
2570,PickUp
2571,PickUp
2572,PickUp
2573,PickUp
2574,PickUp
2575,PickUp
2576,PickUp
2577,PickUp
2578,PickUp
2579,PickUp
2580,PickUp
2581,PickUp
2582,PickUp
2583,PickUp
2584,PickUp
2585,PickUp
2586,PickUp
2587,PickUp
2588,PickUp
2589,PickUp
2590,PickUp
2591,PickUp
2592,PickUp
2593,PickUp
2594,PickUp
2595,PickUp
2596,PickUp
2597,PickUp
2598,PickUp
2599,PickUp
2600,PickUp
2601,PickUp
2602,PickUp
2603,PickUp
2604,PickUp
2605,PickUp
2606,PickUp
2607,PickUp
2608,PickUp
2609,PickUp
2610,PickUp
2611,PickUp
2612,PickUp
2613,PickUp
2614,PickUp
2615,PickUp
2616,PickUp
2617,PickUp
2618,PickUp
2619,PickUp
2620,PickUp
2621,PickUp
2622,PickUp
2623,PickUp
2624,PickUp
2625,PickUp
2626,PickUp
2627,PickUp
2628,PickUp
2629,PickUp
2630,PickUp
2631,PickUp
2632,PickUp
2633,PickUp
2634,PickUp
2635,PickUp
2636,PickUp
2637,PickUp
2638,PickUp
2639,PickUp
2640,PickUp
2641,PickUp
2642,PickUp
2643,PickUp
2644,PickUp
2645,PickUp
2646,PickUp
2647,PickUp
2648,PickUp
2649,PickUp
2650,PickUp
2651,PickUp
2652,PickUp
2653,PickUp
2654,PickUp
2655,PickUp
2656,PickUp
2657,PickUp
2658,PickUp
2659,PickUp
2660,PickUp
2661,PickUp
2662,PickUp
2663,PickUp
2664,PickUp
2665,PickUp
2666,PickUp
2667,PickUp
2668,PickUp
2669,PickUp
2670,PickUp
2671,PickUp
2672,PickUp
2673,PickUp
2674,PickUp
2675,PickUp
2676,PickUp
2677,PickUp
2678,PickUp
2679,PickUp
2680,PickUp
2681,PickUp
2682,PickUp
2683,PickUp
2684,PickUp
2685,PickUp
2686,PickUp
2687,PickUp
2688,PickUp
2689,PickUp
2690,PickUp
2691,PickUp
2692,PickUp
2693,PickUp
2694,PickUp
2695,PickUp
2696,PickUp
2697,PickUp
2698,PickUp
2699,PickUp
2700,PickUp
2701,PickUp
2702,PickUp
2703,PickUp
2704,PickUp
2705,PickUp
2706,PickUp
2707,PickUp
2708,PickUp
2709,PickUp
2710,PickUp
2711,PickUp
2712,PickUp
2713,PickUp
2714,PickUp
2715,PickUp
2716,PickUp
2717,PickUp
2718,PickUp
2719,PickUp
2720,PickUp
2721,PickUp
2722,PickUp
2723,PickUp
2724,PickUp
2725,PickUp
2726,PickUp
2727,PickUp
2728,PickUp
2729,PickUp
2730,PickUp
2731,PickUp
2732,PickUp
2733,PickUp
2734,PickUp
2735,PickUp
2736,PickUp
2737,PickUp
2738,PickUp
2739,PickUp
2740,PickUp
2741,PickUp
2742,PickUp
2743,PickUp
2744,PickUp
2745,PickUp
2746,PickUp
2747,PickUp
2748,PickUp
2749,PickUp
2750,PickUp
2751,PickUp
2752,PickUp
2753,PickUp
2754,PickUp
2755,PickUp
2756,PickUp
2757,PickUp
2758,PickUp
2759,PickUp
2760,PickUp
2761,PickUp
2762,PickUp
2763,PickUp
2764,PickUp
2765,PickUp
2766,PickUp
2767,PickUp
2768,PickUp
2769,PickUp
2770,PickUp
2771,PickUp
2772,PickUp
2773,PickUp
2774,PickUp
2775,PickUp
2776,PickUp
2777,PickUp
2778,PickUp
2779,PickUp
2780,PickUp
2781,PickUp
2782,PickUp
2783,PickUp
2784,PickUp
2785,PickUp
2786,PickUp
2787,PickUp
2788,PickUp
2789,PickUp
2790,PickUp
2791,PickUp
2792,PickUp
2793,PickUp
2794,PickUp
2795,PickUp
2796,PickUp
2797,PickUp
2798,PickUp
2799,PickUp
2800,PickUp
2801,PickUp
2802,PickUp
2803,PickUp
2804,PickUp
2805,PickUp
2806,PickUp
2807,PickUp
2808,PickUp
2809,PickUp
2810,PickUp
2811,PickUp
2812,PickUp
2813,PickUp
2814,PickUp
2815,PickUp
2816,PickUp
2817,PickUp
2818,PickUp
2819,PickUp
2820,PickUp
2821,PickUp
2822,PickUp
2823,PickUp
2824,PickUp
2825,PickUp
2826,PickUp
2827,PickUp
2828,PickUp
2829,PickUp
2830,PickUp
2831,PickUp
2832,PickUp
2833,PickUp
2834,PickUp
2835,PickUp
2836,PickUp
2837,PickUp
2838,PickUp
2839,PickUp
2840,PickUp
2841,PickUp
2842,PickUp
2843,PickUp
2844,PickUp
2845,PickUp
2846,PickUp
2847,PickUp
2848,PickUp
2849,PickUp
2850,PickUp
2851,PickUp
2852,PickUp
2853,PickUp
2854,PickUp
2855,PickUp
2856,PickUp
2857,PickUp
2858,PickUp
2859,PickUp
2860,PickUp
2861,PickUp
2862,PickUp
2863,PickUp
2864,PickUp
2865,PickUp
2866,PickUp
2867,PickUp
2868,PickUp
2869,PickUp
2870,PickUp
2871,PickUp
2872,PickUp
2873,PickUp
2874,PickUp
2875,PickUp
2876,PickUp
2877,PickUp
2878,PickUp
2879,PickUp
2880,PickUp
2881,PickUp
2882,PickUp
2883,PickUp
2884,PickUp
2885,PickUp
2886,PickUp
2887,PickUp
2888,PickUp
2889,PickUp
2890,PickUp
2891,PickUp
2892,PickUp
2893,PickUp
2894,PickUp
2895,PickUp
2896,PickUp
2897,PickUp
2898,PickUp
2899,PickUp
2900,PickUp
2901,PickUp
2902,PickUp
2903,PickUp
2904,PickUp
2905,PickUp
2906,PickUp
2907,PickUp
2908,PickUp
2909,PickUp
2910,PickUp
2911,PickUp
2912,PickUp
2913,PickUp
2914,PickUp
2915,PickUp
2916,PickUp
2917,PickUp
2918,PickUp
2919,PickUp
2920,PickUp
2921,PickUp
2922,PickUp
2923,PickUp
2924,PickUp
2925,PickUp
2926,PickUp
2927,PickUp
2928,PickUp
2929,PickUp
2930,PickUp
2931,PickUp
2932,PickUp
2933,PickUp
2934,PickUp
2935,PickUp
2936,PickUp
2937,PickUp
2938,PickUp
2939,PickUp
2940,PickUp
2941,PickUp
2942,PickUp
2943,PickUp
2944,PickUp
2945,PickUp
2946,PickUp
2947,PickUp
2948,PickUp
2949,PickUp
2950,PickUp
2951,PickUp
2952,PickUp
2953,PickUp
2954,PickUp
2955,PickUp
2956,PickUp
2957,PickUp
2958,PickUp
2959,PickUp
2960,PickUp
2961,PickUp
2962,PickUp
2963,PickUp
2964,PickUp
2965,PickUp
2966,PickUp
2967,PickUp
2968,PickUp
2969,PickUp
2970,PickUp
2971,PickUp
2972,PickUp
2973,PickUp
2974,PickUp
2975,PickUp
2976,PickUp
2977,PickUp
2978,PickUp
2979,PickUp
2980,PickUp
2981,PickUp
2982,PickUp
2983,PickUp
2984,PickUp
2985,PickUp
2986,PickUp
2987,PickUp
2988,PickUp
2989,PickUp
2990,PickUp
2991,PickUp
2992,PickUp
2993,PickUp
2994,PickUp
2995,PickUp
2996,PickUp
2997,PickUp
2998,PickUp
2999,PickUp
3000,PickUp
